sim_time,r_DC_Hc,v_DC_Hc,sigma_BN,reward,dV_remaining,hill_x,hill_y,hill_z,sigma_1,sigma_2,sigma_3
0.5,[-278.65228231  293.47577155 -438.12923861],[ 0.01656454  0.05279258 -0.01287778],[-0.73347054 -0.58374875 -0.10398707],2.816251167378249,49.946517217936446,-278.6522823054726,293.47577154940774,-438.1292386131601,-0.7334705423795179,-0.583748748106752,-0.10398706542512771
1.0,[-278.11057971  294.26814714 -438.02473033],[0.05056638 0.07840389 0.01259925],[-0.72737715 -0.57841232 -0.11067627],2.800474380100919,49.89303443587289,-278.1105797070767,294.268147142528,-438.024730325773,-0.7273771468643934,-0.5784123205530183,-0.1106762743783757
1.5,[-277.22615417  295.31323803 -437.66544172],[0.08510849 0.10332383 0.03807013],[-0.725358   -0.57367877 -0.12437999],2.772578037565207,49.83955165380934,-277.22615417128964,295.31323802643146,-437.66544171766435,-0.7253580030647239,-0.5736787679932115,-0.12437999110630178
2.0,[-275.99362342  296.60407892 -437.05144624],[0.12018678 0.1275424  0.06353224],[-0.72971976 -0.56609761 -0.13847618],2.733548503074026,49.78606887174578,-275.9936234187001,296.604078924408,-437.0514462420309,-0.729719764581377,-0.5660976137394385,-0.13847617709509202
2.5,[-274.40764623  298.13360495 -436.18284335],[0.15579714 0.15104971 0.08898298],[-0.73309002 -0.55306287 -0.15031556],2.6846575339730876,49.73258608968223,-274.40764623348997,298.1336049466943,-436.18284335048804,-0.7330900238383824,-0.5530628745929392,-0.15031555963885482
3.0,[-272.46292273  299.89465248 -435.05975841],[0.1919354  0.17383593 0.11441977],[-0.73244702 -0.53739727 -0.16470747],2.627339016825744,49.679103307618675,-272.4629227322565,299.89465248230664,-435.05975841024434,-0.7324470169868191,-0.5373972670688226,-0.16470747341190412
3.5,[-270.15419463  301.8799601  -433.68234263],[0.22859741 0.19589133 0.13984002],[-0.73205407 -0.5206738  -0.18434393],2.563072794389362,49.62562052555512,-270.15419462616103,301.8799600953535,-433.6823426314204,-0.7320540653632309,-0.5206737975495804,-0.18434393033752286
4.0,[-267.47624548  304.08216942 -432.05077298],[0.26577895 0.21720627 0.16524115],[-0.73542869 -0.50479775 -0.20702271],2.493290480274348,49.57213774349157,-267.4762454809121,304.08216941885235,-432.0507729833999,-0.7354286909069017,-0.5047977479831943,-0.20702270801747896
4.5,[-264.42390098  306.49382605 -430.16525212],[0.30347582 0.2377712  0.19062059],[-0.74265558 -0.48995517 -0.22786136],2.4193096571548205,49.51865496142801,-264.4239009774077,306.49382605225463,-430.165252116795,-0.7426555754817442,-0.48995517464738203,-0.22786135737737384
5.0,[-260.99202915  309.10738045 -428.02600828],[0.34168375 0.25757667 0.2159758 ],[-0.74940699 -0.47447896 -0.2438048 ],2.342295819667025,49.46517217936446,-260.992029152737,309.1073804454826,-428.0260082757133,-0.7494069904247226,-0.4744789565712822,-0.24380479748098283
5.5,[-257.17554066  311.9151888  -425.63329522],[0.38039848 0.27661328 0.24130421],[-0.751649   -0.45946868 -0.25759443],2.263247206101711,49.411689397300904,-257.17554065987173,311.91518879789874,-425.63329521902057,-0.7516489966369532,-0.4594686833458324,-0.2575944255403282
6.0,[-252.969389    314.90951394 -422.98739213],[0.41961571 0.29487177 0.2666033 ],[-0.75198742 -0.44527453 -0.27292963],2.1829961294361904,49.35820661523735,-252.96938899772388,314.90951393917635,-422.9873921324805,-0.7519874161629874,-0.44527452701132814,-0.27292962603077225
6.5,[-248.36857075  318.08252622 -420.08860354],[0.45933112 0.31234294 0.29187052],[-0.75330735 -0.43095979 -0.28979117],2.102220708902477,49.304723833173796,-248.3685707533733,318.0825262204506,-420.08860354337935,-0.753307351890568,-0.43095979168304477,-0.28979116742649275
7.0,[-243.36812583  321.42630439 -416.93725923],[0.49954037 0.32901767 0.31710337],[-0.75642737 -0.41735567 -0.30648575],2.0214620928336005,49.25124105111024,-243.3681258340763,321.4263043937477,-416.93725922739804,-0.7564273698298817,-0.41735567233649634,-0.30648574944388707
7.5,[-237.9631377   324.9328365  -413.53371412],[0.54023908 0.34488696 0.34229932],[-0.76042823 -0.40470582 -0.32104961],1.9411436751982591,49.19775826904669,-237.96313769832705,324.93283649781694,-413.53371412388094,-0.7604282338182629,-0.40470581709281706,-0.32104960967536766
8.0,[-232.14873358  328.59402074 -409.87834824],[0.58142287 0.35994185 0.36745588],[-0.76345407 -0.39327276 -0.33315973],1.8615900710931648,49.14427548698313,-232.14873357624788,328.59402074045033,-409.8783482432163,-0.7634540724802477,-0.3932727590814139,-0.33315973149804107
8.5,[-225.9200847   332.40166637 -405.97156658],[0.62308734 0.37417352 0.39257055],[-0.76451499 -0.38231315 -0.34405902],1.7830445886382698,49.09079270491958,-225.92008469745585,332.40166636805753,-405.97156657513074,-0.7645149907792027,-0.382313150718855,-0.34405901589647614
9.0,[-219.2724065   336.34749456 -401.813799  ],[0.66522804 0.38757321 0.41764085],[-0.7640681  -0.37123438 -0.35558803],1.705684608872574,49.037309922856025,-219.2724065044989,336.3474945560521,-401.8137989953665,-0.7640681035018035,-0.37123438011475796,-0.35558802749426416
9.5,[-212.20095886  340.42313926 -397.40550017],[0.70784052 0.40013223 0.44266431],[-0.76378656 -0.35999955 -0.36855526],1.629634713278271,48.98382714079247,-212.20095886491188,340.4231392617682,-397.40550016549815,-0.7637865621403922,-0.3599995451453239,-0.36855526395862753
10.0,[-204.70104628  344.62014811 -392.74714945],[0.75092032 0.41184202 0.46763846],[-0.76507108 -0.34911046 -0.38200942],1.5549776447562085,48.93034435872892,-204.70104627870612,344.62014811251373,-392.74714944920015,-0.7650710772841317,-0.3491104598558124,-0.3820094175206103
10.5,[-196.7680181   348.92998327 -387.8392508 ],[0.79446293 0.42269406 0.49256086],[-0.76789627 -0.33945871 -0.39411585],1.4817633135560857,48.87686157666536,-196.76801809715204,348.9299832659675,-387.8392508010361,-0.7678962678138426,-0.33945871366709707,-0.3941158513426275
11.0,[-188.39726871  353.34402228 -382.68233269],[0.83846385 0.43267996 0.51742906],[-0.77079044 -0.33147382 -0.40365774],1.410016107840557,48.82337879460181,-188.3972687139321,353.344022279645,-382.6823326860959,-0.7707904416624628,-0.3314738205508655,-0.4036577406549195
11.5,[-179.58423777  357.85355897 -377.27694796],[0.88291853 0.44179139 0.54224063],[-0.77207268 -0.32497351 -0.41123669],1.3397407736901155,48.769896012538254,-179.58423777088873,357.8535589681599,-377.27694795534654,-0.7720726787090602,-0.3249735141690513,-0.41123669270579893
12.0,[-170.32441035  362.44980427 -371.62367377],[0.92782242 0.4500201  0.56699315],[-0.77136336 -0.31899651 -0.41870075],1.270927110105518,48.7164132304747,-170.3244103486486,362.4498042672871,-371.6236737714992,-0.7713633562349361,-0.3189965126492458,-0.4187007450626621
12.5,[-160.61331717  367.12388709 -365.72311149],[0.97317095 0.45735795 0.59168421],[-0.77001515 -0.31292517 -0.42759616],1.2035536959714843,48.662930448411146,-160.61331717378988,367.123887090577,-365.7231114897962,-0.7700151535951248,-0.3129251739180776,-0.4275961571050002
13.0,[-150.4465348   371.86685519 -359.57588657],[1.01895953 0.46379686 0.61631141],[-0.76999552 -0.30701046 -0.43769768],1.137590833670069,48.60944766634759,-150.44653479984038,371.8668551885494,-359.57588656589763,-0.769995519291908,-0.30701046250106756,-0.4376976791038086
13.5,[-139.8196858   376.66967599 -353.18264844],[1.06518355 0.46932886 0.64087237],[-0.77210934 -0.30223721 -0.44712363],1.073002863565165,48.55596488428404,-139.81968579639275,376.669675994869,-353.18264844490176,-0.7721093381883543,-0.3022372074699713,-0.44712362748528134
14.0,[-128.72843894  381.52323748 -346.54407046],[1.11183837 0.47394604 0.66536469],[-0.77511773 -0.29937163 -0.4539106 ],1.0097499757578403,48.50248210222048,-128.72843894332914,381.523237477449,-346.5440704596373,-0.7751177257161886,-0.29937162899553893,-0.45391060205114714
14.5,[-117.1685094   386.41834899 -339.66084973],[1.15891935 0.47764058 0.68978603],[-0.77680791 -0.29873499 -0.45808846],0.9477896218689316,48.44899932015693,-117.16850939875285,386.41834898648284,-339.66084973352014,-0.7768079129990836,-0.2987349894034189,-0.45808846495249333
15.0,[-105.13565889  391.3457421  -332.53370706],[1.20642182 0.48040477 0.71413402],[-0.77593553 -0.29912154 -0.4615548 ],0.8870776095275538,48.395516538093375,-105.13565889239302,391.3457420954,-332.5337070558414,-0.7759355272212933,-0.2991215434858029,-0.4615548018916944
15.5,[ -92.6256959   396.29607144 -325.16338679],[1.2543411  0.48223095 0.73840631],[-0.77359823 -0.29946675 -0.46664734],0.8275689457909515,48.34203375602982,-92.62569590420502,396.29607144246836,-325.1633867894408,-0.7735982311561906,-0.29946675067191075,-0.46664734229996097
16.0,[ -79.63447583  401.25991557 -317.55065676],[1.30267249 0.48311156 0.76260059],[-0.77233953 -0.29958074 -0.47373154],0.7692184822678355,48.28855097396627,-79.63447583390924,401.25991557311687,-317.5506567624967,-0.7723395251627079,-0.29958074166166615,-0.47373153565422654
16.5,[ -66.15790118  406.22777777 -309.69630816],[1.35141126 0.48303911 0.78671451],[-0.77375    -0.30047814 -0.48074972],0.711981404071766,48.23506819190271,-66.15790117990176,406.2277777685625,-309.6963081559428,-0.7737500011232298,-0.30047813822186914,-0.48074972157324286
17.0,[ -52.19192171  411.19008689 -301.60115539],[1.40055269 0.48200622 0.81074578],[-0.77671072 -0.3033345  -0.48502095],0.6558135957536713,48.18158540983916,-52.19192171159422,411.19008688503186,-301.60115538838494,-0.7767107240508072,-0.3033345030823901,-0.48502095451898986
17.5,[ -37.73253464  416.13719817 -293.26603601],[1.45009202 0.48000556 0.8346921 ],[-0.77828033 -0.30848727 -0.48597802],0.6006719108040067,48.128102627775604,-37.73253463590262,416.13719817375033,-293.2660360107247,-0.7782803323893159,-0.3084872734442683,-0.485978017184691
18.0,[ -22.77578477  421.05939412 -284.6918106 ],[1.50002449 0.47702991 0.85855117],[-0.77637541 -0.31462775 -0.48598903],0.5465143655262499,48.07461984571205,-22.775784774973484,421.05939411776296,-284.6918105970554,-0.7763754137004795,-0.3146277534484148,-0.48598903353214873
18.5,[  -7.31776472  425.94688525 -275.87936263],[1.5503453  0.47307212 0.88232073],[-0.77240916 -0.32058409 -0.48832749],0.49330027387614794,48.021137063648496,-7.317764718768965,425.94688525207147,-275.87936262768113,-0.7724091572013574,-0.32058409244185315,-0.48832748611675336
19.0,[   8.64538499  430.78981098 -266.82959837],[1.60104965 0.46812511 0.9059985 ],[-0.77008007 -0.32595479 -0.49299245],0.4409903363392526,47.96765428158494,8.64538499189672,430.78981098096335,-266.8295983747387,-0.7700800684708967,-0.3259547872966454,-0.4929924461265201
19.5,[  25.11747572  435.5782404  -257.5434468 ],[1.65213273 0.4621819  0.92958225],[-0.77094367 -0.33234943 -0.49621436],0.3895466931950678,47.91417149952139,25.11747572213606,435.57824040144516,-257.5434468031428,-0.7709436657787162,-0.33234942922607247,-0.49621436399973273
20.0,[  42.10227056  440.30217312 -248.02185943],[1.7035897  0.45523559 0.95306972],[-0.7725272  -0.34084722 -0.49474675],0.33893295032439974,47.86068871745783,42.10227056104366,440.302173119273,-248.02185943387983,-0.77252719919726,-0.3408472192279342,-0.49474675468310014
20.5,[  59.60348418  444.95154005 -238.26581025],[1.7554157  0.44727935 0.97645869],[-0.77161852 -0.35198275 -0.48602939],0.28911418403273725,47.80720593539428,59.60348417662876,444.9515400542273,-238.26581024609948,-0.7716185157167983,-0.3519827505235672,-0.4860293885142048
21.0,[  77.62478264  449.51620426 -228.27629555],[1.80760589 0.43830644 0.99974694],[-0.76360497 -0.36489372 -0.47282874],0.24005692992785782,47.753723153330725,77.62478263892109,449.5162042623699,-228.2762955482599,-0.7636049691069502,-0.3648937159705852,-0.4728287354114058
21.5,[  96.16978328  453.98596174 -218.05433388],[1.86015536 0.42831019 1.02293228],[-0.75041469 -0.37965431 -0.46284022],0.19172915992746145,47.70024037126717,96.16978328288636,453.98596173506184,-218.0543338840385,-0.7504146887498135,-0.3796543084317629,-0.46284021631982497
22.0,[ 115.24205453  458.35054221 -207.60096588],[1.91305922 0.41728402 1.0460125 ],[-0.73895799 -0.39689952 -0.45944649],0.14410025046466454,47.64675758920362,115.2420545265216,458.35054220585783,-207.60096587580347,-0.7389579884028735,-0.3968995184910317,-0.4594464927532732
22.5,[ 134.84511574  462.59960996 -196.91725415],[1.96631256 0.40522143 1.06898544],[-0.73419544 -0.41476065 -0.46084938],0.09714094443297719,47.59327480714006,134.8451157356453,462.5996099551879,-196.9172541505994,-0.7341954397788066,-0.41476064842448257,-0.4608493752348752
23.0,[ 154.98243705  466.72276461 -186.00428319],[2.01991045 0.39211599 1.09184891],[-0.73465343 -0.4296541  -0.45774903],0.050823308762658934,47.53979202507651,154.98243705059616,466.722764610226,-186.0042831892192,-0.7346534333212251,-0.42965410232707824,-0.4577490285326151
23.5,[ 175.65743924  470.70954194 -174.86315923],[2.07384794 0.37796137 1.11460078],[-0.73011465 -0.44000683 -0.44989459],0.005120689145614031,47.486309243012954,175.65743924380948,470.7095419407939,-174.86315922961737,-0.7301146465290064,-0.44000683233241955,-0.44989459014071354
24.0,[ 196.87349356  474.54941466 -163.49501013],[2.12812007 0.3627513  1.13723888],[-0.71898543 -0.44925092 -0.44651523],-0.03999233691410149,47.4328264609494,196.87349355643727,474.54941465794974,-163.49501013214584,-0.7189854285186015,-0.4492509190157319,-0.446515234414758
24.5,[ 218.63392155  478.2317932  -151.90098527],[2.18272187 0.34647958 1.15976111],[-0.71083425 -0.46037637 -0.45030245],-0.08454000783626257,47.379343678885846,218.63392154992613,478.23179320227496,-151.90098526724117,-0.7108342458480806,-0.46037636868167825,-0.4503024473539296
25.0,[ 240.94199495  481.74602654 -140.08225539],[2.23764834 0.32914012 1.18216532],[-0.71024081 -0.47104134 -0.45318344],-0.1285454257952341,47.32586089682229,240.94199495027414,481.746026540912,-140.08225539114147,-0.7102408111401892,-0.4710413389496773,-0.45318344471867333
25.5,[ 263.80093549  485.08140295 -128.04001253],[2.29289449 0.31072689 1.20444943],[-0.70945221 -0.47740046 -0.44988105],-0.1720306041110292,47.27237811475874,263.80093548965897,485.0814029503439,-128.04001252554502,-0.7094522137047969,-0.4774004579783042,-0.4498810544666065
26.0,[ 287.21391476  488.22715081 -115.77546983],[2.34845528 0.29123393 1.22661134],[-0.70260281 -0.48099604 -0.44539577],-0.2150165138398437,47.21889533269518,287.2139147613278,488.22715080619975,-115.77546983246646,-0.7026028105188518,-0.4809960353328815,-0.4453957720730363
26.5,[ 311.18405406  491.17243937 -103.2898615 ],[2.40432568 0.27065538 1.24864896],[-0.6950001  -0.48555467 -0.44041835],-0.2575231292503686,47.16541255063163,311.18405406336177,491.17243936966514,-103.289861504735,-0.6950001012652658,-0.4855546652373661,-0.44041834953647957
27.0,[335.71442424 493.90637956 -90.58444265],[2.46050063 0.24898544 1.27056023],[-0.68746023 -0.49124193 -0.4339968 ],-0.2995694714261851,47.11192976929667,335.71442424125524,493.9063795615188,-90.58444264533628,-0.6874602322020549,-0.49124192969678515,-0.433996797510931
27.5,[360.80804554 496.41802475 -77.66048912],[2.51697508 0.22621839 1.2923431 ],[-0.67917935 -0.4978341  -0.42591665],-0.3411736527967464,47.058446987961716,360.80804554284384,496.4180247542303,-77.6604891208119,-0.6791793453534908,-0.497834101418906,-0.42591664895296
28.0,[386.46788746 498.69637154 -64.51929744],[2.57374393 0.20234861 1.31399552],[-0.66982128 -0.50560541 -0.41679056],-0.38235291652726866,47.00496420662676,386.46788745889245,498.6963715379375,-64.5192974448612,-0.6698212773995168,-0.5056054124103541,-0.4167905574590318
28.5,[412.69686857 500.73036051 -51.16218466],[2.63080209 0.17737051 1.33551546],[-0.66003049 -0.51491713 -0.40683593],-0.4231236768026383,46.9514814252918,412.696868574679,500.7303605107611,-51.16218466274113,-0.6600304916968345,-0.5149171335732591,-0.40683593032046905
29.0,[439.49785641 502.50887704 -37.59048822],[2.68814445 0.15127863 1.35690091],[-0.65025793 -0.52560372 -0.39535802],-0.46350155686210864,46.897998643956846,439.49785641380737,502.50887704125125,-37.59048822298887,-0.6502579319514687,-0.5256037198259785,-0.395358019057315
29.5,[466.87366728 504.02075203 -23.80556585],[2.74576586 0.12406755 1.37814986],[-0.63991804 -0.53719026 -0.38175179],-0.5035014254057822,46.84451586355934,466.87366728215784,504.02075203115146,-23.805565850330183,-0.6399180404107976,-0.5371902582083792,-0.3817517933641011
30.0,[494.82706612 505.25476272  -9.80879543],[2.8036612  0.09573195 1.39926032],[-0.62825124 -0.54961511 -0.36632748],-0.5431374317086827,46.79103308316183,494.827066120519,505.25476271601866,-9.80879542650039,-0.6282512447247496,-0.5496151097981142,-0.3663274848711129
30.5,[523.36076634 506.19963343   4.39842514],[2.8618253  0.06626657 1.42023031],[-0.61475237 -0.56297688 -0.35023002],-0.5824230387711771,46.73755030276432,523.3607663421819,506.1996334326772,4.39842514304322,-0.6147523685938727,-0.5629768812847372,-0.3502300173922592
31.0,[552.47742968 506.84403636  18.81467805],[2.92025298 0.03566623 1.44105786],[-0.59862411 -0.57753227 -0.33786693],-0.6213710552667555,46.68406752236681,552.4774296825457,506.84403636391505,18.814678048306487,-0.5986241065200834,-0.5775322741482437,-0.3378669280543254
31.5,[582.17966605 507.17659235  33.43852573],[2.97893906 0.00392584 1.46174104],[-0.58520857 -0.59479023 -0.32898167],-0.6599936664882572,46.630584740303256,582.179666046128,507.1765923494772,33.43852572863336,-0.5852085669635186,-0.594790230556988,-0.3289816698097506
32.0,[612.47003334 507.18587159  48.26851095],[ 3.03787832 -0.02895963  1.48227788],[-0.57615619 -0.61170351 -0.31786992],-0.6983024618827964,46.5771019582397,612.4700333375023,507.1858715918284,48.26851095271249,-0.5761561909485796,-0.611703508505819,-0.3178699200390287
32.5,[643.35103732 506.86039446  63.30315698],[ 3.09706554 -0.06299513  1.50266647],[-0.56600233 -0.62432695 -0.30296525],-0.7363084643195404,46.52361917617615,643.3510373206492,506.86039445773656,63.30315697627806,-0.5660023340472182,-0.6243269512764259,-0.302965245676327
33.0,[674.82513146 506.18863224  78.54096765],[ 3.15649549 -0.09818553  1.5229049 ],[-0.55091894 -0.63414633 -0.28923033],-0.7740221560099292,46.47013639411259,674.8251314550093,506.18863223531173,78.54096765349796,-0.5509189424170053,-0.6341463256728742,-0.2892303262023219
33.5,[706.89471673 505.15900787  93.98042758],[ 3.21616291 -0.13453563  1.54299125],[-0.53474202 -0.64595022 -0.2796594 ],-0.8114535037499362,46.41665361298649,706.8947167292266,505.15900786941785,93.98042758419709,-0.534742015113139,-0.6459502195488885,-0.2796593952810817
34.0,[739.56214151 503.75989677 109.62000223],[ 3.27606253 -0.17205013  1.56292365],[-0.52253458 -0.66017213 -0.27040887],-0.8486119829451176,46.36317083186038,739.5621415072477,503.7598967705728,109.6200022294562,-0.5225345774852749,-0.6601721286835276,-0.27040887232232225
34.5,[772.82970137 501.97962755 125.45813806],[ 3.33618906 -0.2107337   1.58270022],[-0.51266682 -0.67214097 -0.25718367],-0.8855066010264484,46.309688050005676,772.8297013686202,501.9796275529642,125.45813806359776,-0.512666823769997,-0.6721409695619163,-0.2571836670520068
35.0,[806.69963895 499.8064828  141.49326267],[ 3.39653721 -0.2505909   1.60231909],[-0.49954061 -0.6795705  -0.24215755],-0.9221459181051086,46.25620526815097,806.6996389510712,499.8064827987511,141.4932626745232,-0.49954061383826714,-0.6795705011335592,-0.2421575476746119
35.5,[841.17414374 497.22869979 157.72378492],[ 3.45710164 -0.29162622  1.62177843],[-0.48249596 -0.68651436 -0.23015938],-0.9585380679174365,46.20272248937551,841.1741437384751,497.2286997894624,157.72378491533712,-0.4824959573851337,-0.6865143583623076,-0.23015937513254425
36.0,[876.25535198 494.23447131 174.14809501],[ 3.51787702 -0.33384407  1.64107638],[-0.46655754 -0.69696901 -0.2205984 ],-0.9946907810363085,46.14923971060005,876.255351977666,494.2344713091748,174.148095009303,-0.4665575424612138,-0.6969690095972261,-0.22059839740271867
36.5,[911.94534645 490.81194636 190.7645647 ],[ 3.57885801 -0.3772488   1.66021114],[-0.45439973 -0.7085256  -0.20855455],-1.0306113986587109,46.09575693563242,911.9453464467764,490.811946362739,190.7645646952877,-0.45439973413311086,-0.708525602267696,-0.20855455082566304
37.0,[948.24615635 486.94923097 207.57154736],[ 3.64003923 -0.42184468  1.67918089],[-0.44232379 -0.71608261 -0.19268599],-1.0663068966880416,46.042274160664796,948.2461563519117,486.94923096925527,207.57154735685498,-0.4423237902852435,-0.7160826081844107,-0.19268599268022496
37.5,[985.15975717 482.6343889  224.56737814],[ 3.7014153  -0.4676359   1.69798383],[-0.4260914  -0.72003133 -0.17724717],-1.10178389958195,45.98879138355537,985.1597571730418,482.63438890097945,224.5673781426127,-0.4260913960427068,-0.7200313288727923,-0.17724716777348723
38.0,[1022.68807041  477.85544244  241.75037412],[ 3.76298082 -0.51462656  1.71661818],[-0.40887046 -0.72634959 -0.16728898],-1.1370486949305931,45.93530860644595,1022.6880704069104,477.85544243834084,241.75037412341277,-0.40887045583338166,-0.7263495898099386,-0.16728897781739077
38.5,[1060.83296344  472.60037311  259.11883442],[ 3.82473037 -0.56282072  1.73508218],[-0.40057323 -0.7374093  -0.16282683],-1.1721072530165755,45.881825830273975,1060.8329634368522,472.60037310988514,259.1188344235887,-0.4005732318306105,-0.7374092951669128,-0.16282682790121217
39.0,[1099.59624934  466.85712249  276.67104036],[ 3.8866585  -0.61222233  1.75337406],[-0.40161089 -0.74434546 -0.15741699],-1.206965239318117,45.828343056243796,1099.5962493448244,466.8571224886362,276.6710403590325,-0.40161089428418256,-0.7443454584435898,-0.15741698927486414
39.5,[1138.97968679  460.61359292  294.40525554],[ 3.94875977 -0.66283529  1.77149209],[-0.40377861 -0.74076776 -0.15482875],-1.2416280326628613,45.774860282213616,1138.9796867858972,460.6135929246172,294.4052555351866,-0.4037786148660464,-0.7407677619343666,-0.1548287506796728
40.0,[1178.9849798   453.85764831  312.319726  ],[ 4.01102871 -0.7146634   1.78943453],[-0.40301246 -0.73281058 -0.16264055],-1.2761007355087275,45.72137750818344,1178.9849797955276,453.8576483054655,312.3197260011336,-0.4030124580619589,-0.7328105796088084,-0.16264055411566677
40.5,[1219.61377761  446.57711479  330.41268041],[ 4.07345983 -0.7677104   1.80719967],[-0.40277281 -0.72873578 -0.17547505],-1.310388188732153,45.66789473436211,1219.6137776084634,446.57711479343095,330.41268040813276,-0.40277280792773207,-0.7287357830410556,-0.17547504813151277
41.0,[1260.86767445  438.7597816   348.68233012],[ 4.13604761 -0.82197996  1.82478582],[-0.40637433 -0.7273598  -0.18419488],-1.344494982047831,45.614411963620014,1260.8676744508657,438.7597816046711,348.6823301177958,-0.40637433133588696,-0.7273598036009019,-0.18419487582731647
41.5,[1302.74820943  430.3934018   367.12686933],[ 4.19878654 -0.87747566  1.84219127],[-0.40999516 -0.72677939 -0.1863077 ],-1.3784254700783511,45.56092919194048,1302.748209428201,430.3934018030693,367.12686933107545,-0.40999516319357204,-0.7267793884364699,-0.1863077041377058
42.0,[1345.25686633  421.465693    385.7444752 ],[ 4.26167108 -0.93420102  1.85941434],[-0.41072985 -0.72637904 -0.1816855 ],-1.412183780685174,45.507446420989545,1345.2568663253992,421.4656929999514,385.7444751969617,-0.4107298473832468,-0.726379035995407,-0.18168550320496452
42.5,[1388.39507337  411.96433812  404.53330804],[ 4.32469566 -0.99215946  1.87645339],[-0.40915019 -0.7250245  -0.17503698],-1.4457738265829714,45.453963653117846,1388.3950733710528,411.9643381192294,404.5333080350895,-0.4091501881837549,-0.7250245025286495,-0.1750369767597467
43.0,[1432.16420315  401.87698618  423.4915114 ],[ 4.3878547  -1.05135435  1.89330677],[-0.4090281  -0.72478032 -0.1722101 ],-1.4791993179060015,45.400480886183594,1432.1642031475394,401.8769861751843,423.4915114000485,-0.40902810035543047,-0.7247803183500866,-0.17221009992200367
43.5,[1476.56557236  391.19125305  442.61721225],[ 4.45114262 -1.11178897  1.90997283],[-0.41190747 -0.7273133  -0.1714235 ],-1.5124637695203718,45.34699811924934,1476.5655723639618,391.1912530543577,442.6172122514053,-0.4119074688313371,-0.7273133028323419,-0.17142349906215223
44.0,[1521.60044167  379.89472224  461.90852108],[ 4.51455379 -1.17346652  1.92644995],[-0.4181227  -0.73070955 -0.16951353],-1.5455705123723706,45.29351535252394,1521.600441668658,379.8947222363916,461.90852108376146,-0.4181226994911939,-0.7307095547474898,-0.1695135256017977
44.5,[1567.27001548  367.97494562  481.36353204],[ 4.57808258 -1.23639013  1.94273654],[-0.42433377 -0.73094993 -0.16692269],-1.5785227009608878,45.24003258558969,1567.2700154771512,367.9749456237026,481.3635320443103,-0.4243337741245342,-0.7309499279107055,-0.16692268827220982
45.0,[1613.57544169  355.41944422  500.98032313],[ 4.64172334 -1.30056287  1.95883099],[-0.42944865 -0.73007376 -0.16521166],-1.6113233228813517,45.18654982387647,1613.5754416931397,355.41944422340225,500.98032312980774,-0.42944864926236154,-0.7300737598462215,-0.1652116607659114
45.5,[1660.51781169  342.21570895  520.75695624],[ 4.7054704  -1.36598769  1.97473173],[-0.43393055 -0.72966576 -0.16519967],-1.6439752107956211,45.13306706476674,1660.5178116888462,342.21570894513405,520.7569562445395,-0.4339305529441268,-0.7296657620303558,-0.1651996717280059
46.0,[1708.09816007  328.35120138  540.69147741],[ 4.76931807 -1.43266752  1.99043719],[-0.43829087 -0.72994653 -0.16756849],-1.6764810471892748,45.07958430393291,1708.0981600656564,328.3512013798096,540.6914774144266,-0.4382908683311081,-0.7299465295185548,-0.16756849033062152
46.5,[1756.31746436  313.81335462  560.78191686],[ 4.83326063 -1.50060516  2.00594581],[-0.4431768  -0.73078248 -0.17251109],-1.7088433676285522,45.02610154669807,1756.3174643636132,313.81335461584536,560.7819168614708,-0.44317680252664066,-0.7307824752173043,-0.17251108772080054
47.0,[1805.17664497  298.58957397  581.02628919],[ 4.89729237 -1.56980336  2.02125607],[-0.44666147 -0.73129172 -0.1754632 ],-1.7410645771626097,44.97261878946323,1805.176644972405,298.5895739710978,581.0262891918607,-0.44666146835826487,-0.7312917159078484,-0.17546320454466277
47.5,[1854.67656487  282.66723774  601.42259357],[ 4.96140754 -1.64026479  2.03636643],[-0.44808299 -0.73241016 -0.17663779],-1.7731469512346325,44.91913603551648,1854.6765648657308,282.6672377366037,601.4225935705713,-0.4480829939826947,-0.732410155784219,-0.17663778682476378
48.0,[1904.81802948  266.03369803  621.9688138 ],[ 5.02560036 -1.71199203  2.0512754 ],[-0.44746864 -0.73474787 -0.1771863 ],-1.8050926448853495,44.86565328084113,1904.8180294844715,266.03369802875534,621.9688137960158,-0.44746863607472953,-0.734747873135936,-0.17718629614227643
48.5,[1955.60178648  248.67628152  642.66291845],[ 5.08986505 -1.7849876   2.06598146],[-0.44532926 -0.73830976 -0.17763123],-1.8369036967293986,44.81217052997362,1955.6017864758599,248.6762815160779,642.6629184463766,-0.44532926338580126,-0.7383097606528402,-0.177631225096173
49.0,[2007.02852555  230.5822902   663.50286106],[ 5.15419581 -1.85925394  2.08048315],[-0.44358963 -0.74116258 -0.17782198],-1.8685820391459775,44.7586877802524,2007.028525548819,230.58229020319754,663.5028610613545,-0.44358963416283737,-0.7411625843756817,-0.17782198292137796
49.5,[2059.09887819  211.73900226  684.48658027],[ 5.2185868  -1.93479339  2.09477898],[-0.44221693 -0.74309293 -0.17809641],-1.900129498030071,44.70520503648081,2059.098878193348,211.73900225820086,684.4865802678024,-0.4422169269428798,-0.7430929296013017,-0.17809641029872922
50.0,[2111.81341764  192.1336728   705.61199993],[ 5.28303219 -2.01160823  2.10886752],[-0.44138006 -0.74468824 -0.17817718],-1.931547806880101,44.65172228911023,2111.813417644921,192.1336728037364,705.6119999283853,-0.44138006040584954,-0.7446882437879521,-0.1781771840920637
50.5,[2165.17265851  171.75353465  726.87702926],[ 5.3475261  -2.08970065  2.12274732],[-0.44095521 -0.74603342 -0.17827695],-1.962838602535898,44.59823954648493,2165.17265850693,171.7535346543309,726.8770292622963,-0.44095521211665356,-0.7460334163116689,-0.1782769506446882
51.0,[2219.17705659  150.58579913  748.27956304],[ 5.41206266 -2.16907277  2.13641696],[-0.44078674 -0.74717527 -0.17829679],-1.9940034362769705,44.54475681095556,2219.1770565896754,150.58579913396244,748.2795630444509,-0.44078673768155296,-0.7471752699592565,-0.17829678985859504
51.5,[2273.82700882  128.61765694  769.8174817 ],[ 5.47663594 -2.24972663  2.14987502],[-0.4408237  -0.74816409 -0.17838509],-2.0250437788735898,44.49127407563503,2273.827008818142,128.61765693556575,769.8174817042776,-0.44082370145104144,-0.7481640860468585,-0.17838509445652706
52.0,[2329.12285288  105.83627887  791.48865151],[ 5.54124004 -2.33166417  2.16312012],[-0.44094414 -0.74900269 -0.17838021],-2.0559610206726244,44.437791346472984,2329.1228528803626,105.8362788712007,791.4886515097354,-0.4409441394032926,-0.7490026883866678,-0.17838021308684415
52.5,[2385.06486716   82.22881672  813.29092464],[ 5.60586899 -2.41488728  2.17615086],[-0.44113801 -0.74971995 -0.17845417],-2.086756481350877,44.38430861897697,2385.0648671619515,82.22881671878685,813.2909246366085,-0.441138011997593,-0.74971994538965,-0.17845416890854465
53.0,[2441.65327048   57.782404    835.22213941],[ 5.67051684 -2.49939774  2.18896589],[-0.44136083 -0.75034476 -0.17845235],-2.1174314108703265,44.33082589262725,2441.653270483506,57.782403998579895,835.2221394096595,-0.44136082879500693,-0.7503447579797934,-0.1784523541394367
53.5,[2498.88822176   32.48415679  857.28012046],[ 5.73517759 -2.58519726  2.20156385],[-0.4415832  -0.75086392 -0.17850579],-2.1479869914716843,44.27734317551525,2498.888221760582,32.4841567942895,857.2801204555884,-0.44158319677443586,-0.7508639184061582,-0.1785057907974492
54.0,[2556.76982001    6.32117463  879.46267877],[ 5.79984523 -2.67228747  2.2139434 ],[-0.44180078 -0.75131868 -0.17848131],-2.178424347118364,44.22386046148248,2556.7698200090763,6.3211746307239505,879.4626787718227,-0.44180077730052064,-0.7513186832143776,-0.1784813063777332
54.5,[2615.29810403  -20.71945879  901.76761194],[ 5.86451374 -2.76066991  2.22610323],[-0.44198558 -0.75168218 -0.17849964],-2.2087445434489377,44.170377753341285,2615.2981040326717,-20.719458785009056,901.767611935536,-0.4419855777971177,-0.7516821796079239,-0.17849964082100475
55.0,[2674.47305219  -48.65067465  924.1927042 ],[ 5.92917705 -2.85034605  2.23804202],[-0.44215715 -0.75200237 -0.17845026],-2.2389485898175456,44.11689505281576,2674.473052187331,-48.650674645541095,924.192704202517,-0.44215714927330346,-0.7520023743007227,-0.17845025645523022
55.5,[2734.29458226  -77.48541827  946.73572679],[ 5.9938291  -2.94131726  2.24975848],[-0.44228101 -0.75224111 -0.17843266],-2.2690374474709505,44.063412355996,2734.294582257051,-77.48541827058709,946.7357267878485,-0.4422810106242413,-0.7522411108351335,-0.17843266309146294
56.0,[2794.76255114 -107.23664821  969.39443785],[ 6.0584638  -3.03358483  2.26125133],[-0.44238919 -0.75244855 -0.17835757],-2.2990120263144034,44.00992966700076,2794.7625511369233,-107.23664821355277,969.3944378537559,-0.44238918719248055,-0.7524485480913777,-0.17835757063582475
56.5,[2855.87675468 -137.91733544  992.16658277],[ 6.12307501 -3.12714997  2.27251932],[-0.44244351 -0.75258191 -0.17830556],-2.328873192794497,43.956446986038884,2855.8767546843824,-137.91733544417366,992.1665827661535,-0.4424435075527034,-0.7525819124096507,-0.17830556088913094
57.0,[2917.63692753 -169.54046244 1015.04989421],[ 6.18765663 -3.2220138   2.28356119],[-0.44247922 -0.75268987 -0.17819521],-2.3586217709159722,43.90296430836508,2917.636927530596,-169.5404624402382,1015.0498942148485,-0.4424792200555874,-0.752689874282563,-0.17819521439877858
57.5,[2980.04274271 -202.11902245 1038.04209243],[ 6.25220246 -3.31817736  2.29437571],[-0.44246262 -0.75273105 -0.1781108 ],-2.3882585435375336,43.84948164509194,2980.042742707332,-202.11902245345684,1038.0420924322218,-0.4424626219856137,-0.7527310488609716,-0.17811079620808404
58.0,[3043.09381163 -235.66601848 1061.1408852 ],[ 6.31670634 -3.41564159  2.30496166],[-0.44242652 -0.75275108 -0.17796439],-2.4177842572352866,43.79599898964332,3043.0938116281172,-235.66601847865405,1061.1408852045763,-0.4424265161768506,-0.7527510766619359,-0.17796439000488237
58.5,[3106.78968375 -270.1944625  1084.34396819],[ 6.38116206 -3.51440736  2.31531784],[-0.44233898 -0.75270844 -0.17784501],-2.4471996235607487,43.74251634551613,3106.789683747896,-270.1944625046964,1084.3439681868583,-0.44233898069560956,-0.7527084383257577,-0.17784500791933508
59.0,[3171.12984642 -305.71737455 1107.64902491],[ 6.44556341 -3.61447543  2.32544305],[-0.44223359 -0.75264892 -0.17766296],-2.4765053209651025,43.68903371015089,3171.129846424663,-305.7173745515573,1107.649024906687,-0.44223359118030886,-0.752648923571586,-0.17766295917072217
59.5,[3236.11372467 -342.24778183 1131.05372706],[ 6.50990413 -3.7158465   2.33533614],[-0.44207779 -0.75252965 -0.17750761],-2.5057019976447457,43.63555108302784,3236.1137246679737,-342.24778183138693,1131.0537270573275,-0.4420777862162629,-0.7525296487891318,-0.17750760545625743
60.0,[3301.74068082 -379.79871788 1154.55573463],[ 6.57417795 -3.81852115  2.34499594],[-0.4419065  -0.7523971  -0.17729098],-2.5347902718864073,43.58206847030545,3301.740680821782,-379.7987178778613,1154.5557346267892,-0.4419064974565401,-0.7523971027394336,-0.1772909825681484
60.5,[3368.01001447 -418.38322161 1178.15269598],[ 6.63837858 -3.9224999   2.35442131],[-0.44168588 -0.75220722 -0.17709934],-2.5637707361802367,43.52858587129912,3368.0100144709795,-418.3832216078293,1178.152695975922,-0.4416858833460485,-0.7522072174963826,-0.17709934148043183
61.0,[3434.9209621  -458.01433642 1201.84224813],[ 6.7024997  -4.02778314  2.36361112],[-0.4414522  -0.75200703 -0.17684871],-2.5926439567840753,43.47510328883523,3434.9209621034383,-458.0143364181648,1201.8422481305531,-0.44145219667979885,-0.7520070255437624,-0.17684871026485344
61.5,[3502.47269699 -498.70510929 1225.6220168 ],[ 6.76653497 -4.13437122  2.37256427],[-0.44117094 -0.75175197 -0.1766221 ],-2.6214104778723715,43.42162072316662,3502.4726969936128,-498.70510928784313,1225.622016804443,-0.4411709388552515,-0.7517519737776378,-0.1766221041254391
62.0,[3570.66432894 -540.46858984 1249.48961668],[ 6.83047805 -4.24226435  2.38127966],[-0.44087849 -0.7514889  -0.17633805],-2.65007082161318,43.368138172107486,3570.664328944689,-540.4685898426885,1249.4896166768476,-0.44087848596018503,-0.7514888964635986,-0.17633805391545979
62.5,[3639.49490397 -583.31782942 1273.44265148],[ 6.89432253 -4.35146268  2.3897562 ],[-0.44053957 -0.75117282 -0.176076  ],-2.6786254881820386,43.3146556421272,3639.494903970678,-583.3178294216588,1273.4426514799059,-0.44053956524608234,-0.7511728220413144,-0.176076001250051
63.0,[3708.96340425 -627.26588019 1297.47871422],[ 6.95806203 -4.46196624  2.39799284],[-0.44019256 -0.75085162 -0.17576024],-2.707074961926461,43.26117312790265,3708.9634042476005,-627.2658801862549,1297.4787142208104,-0.44019255834814175,-0.7508516248963647,-0.1757602358605328
63.5,[3779.0687477  -672.32579413 1321.59538726],[ 7.0216901  -4.57377499  2.40598852],[-0.43979631 -0.75047684 -0.17545694],-2.735419706397918,43.20769063663182,3779.068747704512,-672.3257941339726,1321.5953872616312,-0.43979631407233655,-0.7504768350993221,-0.1754569438128183
64.0,[3849.80978793 -718.51062218 1345.79024255],[ 7.08520031 -4.68688878  2.41374222],[-0.4394026  -0.75010405 -0.17511986],-2.763660171046818,43.15420816565314,3849.809787931878,-718.5106221750293,1345.7902425455113,-0.4394026038909681,-0.7501040526495509,-0.1751198607371607
64.5,[3921.18531387 -765.83341315 1370.06084177],[ 7.14858617 -4.80130737  2.42125291],[-0.43894667 -0.74967106 -0.1747628 ],-2.791796788777362,43.10072571710839,3921.1853138663164,-765.8334131505587,1370.0608417687945,-0.4389466669305786,-0.7496710611050557,-0.1747628020912355
65.0,[3993.19404956 -814.30721292 1394.40473652],[ 7.21184118 -4.91703042  2.4285196 ],[-0.43852036 -0.74925623 -0.17443428],-2.8198299788628756,43.047243296680264,3993.194049556552,-814.3072129227023,1394.404736520826,-0.4385203633416724,-0.749256231217198,-0.17443427763332325
65.5,[4065.83465394 -863.94506335 1418.81946848],[ 7.27495883 -5.0340575   2.4355413 ],[-0.43801328 -0.74877365 -0.17400863],-2.847760147180574,42.99376090578192,4065.834653938806,-863.945063346396,1418.8194684839114,-0.4380132770787341,-0.7487736463020153,-0.17400863496291333
66.0,[4139.10572065 -914.76000131 1443.30256957],[ 7.33793257 -5.15238807  2.44231704],[-0.43751298 -0.74828617 -0.17365296],-2.8755876880589306,42.94027854535077,4139.105720647283,-914.760001309887,1443.3025695686347,-0.4375129816801936,-0.7482861713987442,-0.17365295873320033
66.5,[4213.00577777 -966.76505772 1467.85156205],[ 7.40075583 -5.27202149  2.44884587],[-0.43699335 -0.74778792 -0.17320053],-2.9033129842987035,42.88679621684403,4213.005777772829,-966.7650577213847,1467.851562053219,-0.436993354964854,-0.7477879179958659,-0.17320053345608974
67.0,[ 4287.53328756 -1019.97325657  1492.46395887],[ 7.46342202 -5.39295704  2.45512685],[-0.43642786 -0.7472375  -0.17278478],-2.9309364084811267,42.83331392517171,4287.5332875619215,-1019.9732565682227,1492.4639588708226,-0.43642786493217245,-0.7472375001306345,-0.17278477582776738
67.5,[ 4362.68664633 -1074.39761385  1517.13726368],[ 7.52592453 -5.51519387  2.46115906],[-0.43587004 -0.74669841 -0.17231774],-2.9584583246569607,42.77983166532161,4362.686646329169,-1074.3976138530936,1517.1372636815931,-0.4358700396839978,-0.7466984105728018,-0.17231774241920628
68.0,[ 4438.46418401 -1130.05113664  1541.86897105],[ 7.58825671 -5.63873107  2.4669416 ],[-0.43526099 -0.7461058  -0.17185445],-2.985879085713705,42.72634945158756,4438.464184009544,-1130.0511366437922,1541.8689710493627,-0.43526098924000634,-0.7461057979739334,-0.17185444613470502
68.5,[ 4514.86416407 -1186.94682198  1566.65656667],[ 7.65041192 -5.76356758  2.47247358],[-0.43467649 -0.74553181 -0.17139285],-3.01319903821247,42.67286728178368,4514.864164072187,-1186.9468219837627,1566.6565666747067,-0.43467649482521875,-0.7455318096761752,-0.17139284749738415
69.0,[ 4591.88478328 -1245.09765592  1591.49752752],[ 7.71238345 -5.88970226  2.47775413],[-0.43401673 -0.74489385 -0.17085701],-3.040418521549075,42.61938515872223,4591.884783283011,-1245.0976559214387,1591.497527520509,-0.4340167263491303,-0.744893846371932,-0.17085700798431555
69.5,[ 4669.52417148 -1304.51661241  1616.38932196],[ 7.77416462 -6.01713387  2.48278238],[-0.43338169 -0.74426738 -0.17039036],-3.067537867722628,42.56590308313179,4669.524171476438,-1304.5166124051118,1616.3893219574634,-0.4333816948359586,-0.7442673752014628,-0.1703903613335134
70.0,[ 4747.78039122 -1365.21665229  1641.32941   ],[ 7.83574867 -6.14586106  2.48755752],[-0.43271892 -0.74362457 -0.1698202 ],-3.0945574016983257,42.51242106404109,4747.780391219161,-1365.2166522889786,1641.3294100031142,-0.4327189196511042,-0.7436245735447987,-0.1698201975089171
70.5,[ 4826.65143775 -1427.21072224  1666.31524348],[ 7.89712887 -6.27588237  2.49207871],[-0.43201789 -0.74293707 -0.1692897 ],-3.121477444853692,42.45893909518949,4826.651437751579,-1427.21072223877,1666.315243484583,-0.4320178866938525,-0.7429370681179982,-0.16928970061052756
71.0,[ 4906.13523851 -1490.51175373  1691.34426622],[ 7.95829843 -6.40719623  2.49634514],[-0.43132769 -0.74226454 -0.1687103 ],-3.148298310656306,42.40545719394994,4906.135238512033,-1490.5117537296371,1691.3442662183927,-0.43132769486018974,-0.7422645365600437,-0.1687103021868163
71.5,[ 4986.22965315 -1555.1326619   1716.41391418],[ 8.01925055 -6.53980099  2.50035604],[-0.43058987 -0.74154274 -0.16813221],-3.1750203104380574,42.351975354790405,4986.229653151456,-1555.1326619025951,1716.4139141804574,-0.4305898721083571,-0.7415427445443219,-0.16813220721534794
72.0,[ 5066.93247314 -1621.08634455  1741.52161567],[ 8.07997841 -6.67369484  2.50411063],[-0.4298817  -0.74084396 -0.16756269],-3.2016437495239822,42.298493589343025,5066.932473139988,-1621.08634454779,1741.5216156735412,-0.42988170244268886,-0.7408439606576344,-0.1675626904725261
72.5,[ 5148.24142156 -1688.38568096  1766.66479156],[ 8.14047515 -6.80887592  2.50760815],[-0.42910208 -0.7400863  -0.16691401],-3.2281689295783633,42.24501190303742,5148.24142155677,-1688.3856809634378,1766.6647915633348,-0.4291020846080742,-0.7400862984571518,-0.16691400705745255
73.0,[ 5230.15415298 -1757.04353085  1791.8408554 ],[ 8.20073391 -6.94534221  2.51084788],[-0.42834397 -0.73933845 -0.16633008],-3.2545961497470963,42.19153029487795,5230.154152980633,-1757.0435308516487,1791.8408554024372,-0.4283439726505835,-0.7393384491407115,-0.16633008324561321
73.5,[ 5312.66825308 -1827.07273322  1817.04721365],[ 8.2607478  -7.0830916   2.51382909],[-0.42756567 -0.73858195 -0.16564919],-3.2809257042712088,42.13804877697235,5312.668253082194,-1827.0727332239258,1817.04721365368,-0.42756566507831145,-0.7385819486760685,-0.165649188949025
74.0,[ 5395.78123855 -1898.48610528  1842.2812658 ],[ 8.32050989 -7.22212187  2.51655108],[-0.42675269 -0.73778427 -0.16500503],-3.3071578858150312,42.08456735359002,5395.781238554344,-1898.4861052772078,1842.281265804197,-0.4267526949159893,-0.7377842708991227,-0.16500503179429574
74.5,[ 5479.4905568  -1971.29644126  1867.54040472],[ 8.38001326 -7.36243068  2.51901317],[-0.42595183 -0.73700353 -0.16431437],-3.3332929842101535,42.03108602745467,5479.490556804865,-1971.2964412578895,1867.5404047226477,-0.4259518259329205,-0.7370035342696665,-0.16431437459083817
75.0,[ 5563.79358574 -2045.51651131  1892.82201666],[ 8.43925095 -7.50401557  2.52121469],[-0.4251078  -0.73617825 -0.16362386],-3.359331286353107,41.97760480857639,5563.793585739159,-2045.5165113149853,1892.822016664185,-0.425107800832266,-0.7361782520788469,-0.16362385864021006
75.5,[ 5648.68762588 -2121.15906745  1918.12348575],[ 8.49821518 -7.64687468  2.52315542],[-0.42429515 -0.73537767 -0.16294466],-3.385273074585839,41.924124485831925,5648.687625880796,-2121.159067448715,1918.1234857488976,-0.424295149861314,-0.7353776719156869,-0.16294466399402938
76.0,[ 5734.16991482 -2198.23682855  1943.44218606],[ 8.55689968 -7.79100466  2.52483433],[-0.42341644 -0.73452377 -0.16218853],-3.4111186345295104,41.87064433972454,5734.16991481835,-2198.236828549339,1943.4421860629323,-0.42341644253401833,-0.7345237674893329,-0.1621885295345651
76.5,[ 5820.23761991 -2276.76248592  1968.7754857 ],[ 8.6152974  -7.93640271  2.52625082],[-0.42255916 -0.73368037 -0.16149278],-3.436868246243546,41.81716438475594,5820.237619906283,-2276.762485920409,1968.7754856996753,-0.4225591627003625,-0.733680367677639,-0.16149277803040216
77.0,[ 5906.8878381  -2356.74870221  1994.12074706],[ 8.67340129 -8.0830659   2.52740429],[-0.42168317 -0.73283075 -0.16070281],-3.462522190575249,41.76368463453833,5906.887838099347,-2356.7487022072037,1994.1207470600953,-0.4216831670770653,-0.7328307462478422,-0.16070281195998395
77.5,[ 5994.1175957  -2438.20811011  2019.47532702],[ 8.73120429 -8.2309912   2.52829419],[-0.42077806 -0.73194489 -0.15995007],-3.4880807458277685,41.71020510159573,5994.117595699782,-2438.208110109468,2019.475327023479,-0.4207780615856981,-0.7319448910474182,-0.1599500714789947
78.0,[ 6081.92384818 -2521.15331118  2044.83657708],[ 8.78869928 -8.38017545  2.52891994],[-0.41988415 -0.7310764  -0.15914955],-3.5135441894657946,41.65672579870517,6081.923848184004,-2521.1533111823323,2044.8365770806602,-0.4198841513793554,-0.7310763997890634,-0.15914954825152638
78.5,[ 6170.30347997 -2605.59687467  2070.20184359],[ 8.84587917 -8.53061536  2.52928102],[-0.41895317 -0.73016854 -0.15835326],-3.538912798005716,41.6032467412025,6170.303479971851,-2605.596874666034,2070.2018435946325,-0.41895317214787536,-0.7301685362584536,-0.15835325516387236
79.0,[ 6259.25330423 -2691.55133625  2095.56846799],[ 8.90273681 -8.68230754  2.52937691],[-0.41804799 -0.72928309 -0.1575554 ],-3.5641868469710407,41.549767945152055,6259.2533042281,-2691.5513362476086,2095.568467990005,-0.41804798628935547,-0.7292830880928638,-0.15755539718615247
79.5,[ 6348.77006257 -2779.0291968   2120.93378695],[ 8.95926504 -8.83524845  2.52920712],[-0.41708412 -0.72834994 -0.15669551],-3.589366610302315,41.49628943069249,6348.770062574699,-2779.029196802107,2120.9337869507954,-0.4170841218543883,-0.7283499368625452,-0.15669551369891344
80.0,[ 6438.8504251  -2868.04292116  2146.29513261],[ 9.0154567  -8.98943443  2.52877116],[-0.41615176 -0.72743525 -0.1558986 ],-3.614452362851402,41.442811206005395,6438.850425100306,-2868.04292116309,2146.2951326066313,-0.41615176135661863,-0.7274352494993356,-0.1558986044150023
80.5,[ 6529.49098991 -2958.60493693  2171.64983284],[ 9.07130457 -9.14486172  2.5280686 ],[-0.41519532 -0.72651038 -0.15500707],-3.63944437743898,41.3893332987414,6529.490989910383,-2958.6049369296124,2171.649832841288,-0.4151953220272698,-0.7265103774887597,-0.15500706777777779
81.0,[ 6620.68828312 -3050.72763306  2196.99521135],[ 9.12680146 -9.30152639  2.52709898],[-0.41420944 -0.72555128 -0.15414275],-3.664342926481363,41.335855721467524,6620.688283122147,-3050.727633059458,2196.9952113532186,-0.4142094364862906,-0.7255512841414951,-0.15414274546714093
81.5,[ 6712.43875857 -3144.42335875  2222.32858803],[ 9.18194013 -9.45942442  2.5258619 ],[-0.41324171 -0.72461411 -0.15324558],-3.6891482826240694,41.282378497238895,6712.4387585687255,-3144.4233587529357,2222.32858802771,-0.4132417068335223,-0.7246141080659977,-0.15324558310993774
82.0,[ 6804.7387977  -3239.70442202  2247.64727902],[ 9.23671332 -9.61855163  2.52435696],[-0.41222913 -0.72363543 -0.15232725],-3.713860717307953,41.22890164190937,6804.7387977015605,-3239.704422018408,2247.6472790185953,-0.4122291287417419,-0.7236354332874356,-0.15232724509860532
82.5,[ 6897.58470927 -3336.58308845  2272.94859707],[ 9.29111376 -9.77890372  2.52258379],[-0.41126246 -0.72268863 -0.15145987],-3.7384805013251112,41.17542518312771,6897.5847092728945,-3336.5830884538022,2272.948597072062,-0.4112624605928303,-0.7226886346547571,-0.1514598696096237
83.0,[ 6990.97272926 -3435.07157991  2298.22985167],[ 9.34513416 -9.94047628  2.52054203],[-0.41023871 -0.72170201 -0.15049395],-3.7630079056210377,41.121949141909,6990.972729261279,-3435.0715799137665,2298.229851669751,-0.41023871235287357,-0.7217020112812744,-0.15049394923786574
83.5,[ 7084.89902074 -3535.18207314  2323.48834926],[  9.39876723 -10.10326473   2.51823135],[-0.40921908 -0.72071169 -0.1495752 ],-3.7874432006324144,41.068473537601676,7084.899020737608,-3535.1820731418197,2323.48834925794,-0.4092190756132572,-0.7207116923934209,-0.14957519995989446
84.0,[ 7179.3596736  -3636.92669849  2348.72139345],[  9.45200564 -10.26726437   2.51565143],[-0.4081939  -0.71972798 -0.14858029],-3.811786656250084,41.014998398835054,7179.35967359759,-3636.9266984869905,2348.7213934506603,-0.4081938973451128,-0.7197279751963811,-0.1485802911364322
84.5,[ 7274.35070444 -3740.31753854  2373.92628536],[  9.50484204 -10.43247037   2.51280199],[-0.40714713 -0.71871426 -0.14761974],-3.8360385422232595,40.96152374986468,7274.350704438762,-3740.3175385427066,2373.926285361502,-0.4071471336121555,-0.718714260085583,-0.14761973586013116
85.0,[ 7369.86805657 -3845.36662668  2399.10032363],[  9.55726912 -10.59887776   2.50968275],[-0.40610884 -0.71771728 -0.14661292],-3.860199128205049,40.908049603195956,7369.86805657162,-3845.366626675832,2399.100323633407,-0.40610884151783433,-0.7177172762134088,-0.14661291899587653
85.5,[ 7465.9075996  -3952.0859458   2424.24080488],[  9.60927948 -10.76648142   2.50629347],[-0.40504593 -0.71669137 -0.14561741],-3.8842686828629795,40.85457599377682,7465.907599596635,-3952.0859457993874,2424.240804880398,-0.4050459261013218,-0.7166913742822675,-0.14561740852938304
86.0,[ 7562.46512941 -4060.48742684  2449.34502379],[  9.66086576 -10.9352761    2.50263393],[-0.40399668 -0.71568184 -0.14459897],-3.908247474395211,40.8011029428853,7562.465129410728,-4060.487426842924,2449.3450237926995,-0.4039966772347511,-0.7156818404897594,-0.14459896547397671
86.5,[ 7659.53636814 -4170.5829474   2474.41027333],[  9.71202056 -11.1052564    2.49870392],[-0.402906   -0.71463741 -0.14354841],-3.9321357715853726,40.74763047126528,7659.536368139493,-4170.5829474035245,2474.410273325163,-0.40290599697439466,-0.7146374143916775,-0.143548411556163
87.0,[ 7757.1169638  -4282.38433037  2499.43384504],[  9.76273647 -11.27641679   2.49450325],[-0.40186145 -0.71362284 -0.14255799],-3.9559338417956154,40.69415861438233,7757.116963799513,-4282.38433037402,2499.4338450429195,-0.40186145218817587,-0.7136228434553472,-0.14255799117110884
87.5,[ 7855.20249055 -4395.90334236  2524.41302919],[  9.8130061  -11.44875158   2.49003176],[-0.40076663 -0.71257693 -0.14146718],-3.979641953072115,40.64068737806095,7855.2024905511935,-4395.903342361943,2524.413029194499,-0.40076662719071776,-0.7125769345660672,-0.14146718386553667
88.0,[ 7953.7884483  -4511.15169229  2549.34511508],[  9.86282202 -11.62225494   2.48528931],[-0.39967332 -0.71152401 -0.14042165],-4.00326037197005,40.58721678519686,7953.788448301391,-4511.15169228929,2549.345115079981,-0.3996733197950148,-0.7115240111551909,-0.14042165345817098
88.5,[ 8052.87026274 -4628.14102992  2574.22739115],[  9.9121768  -11.79692088   2.48027578],[-0.3985744  -0.71047955 -0.13930251],-4.02678936495661,40.53374685496891,8052.870262740468,-4628.14102991523,2574.227391148647,-0.39857440435093955,-0.7104795504576847,-0.1393025148017245
89.0,[ 8152.44328532 -4746.8829443   2599.05714519],[  9.96106301 -11.97274327   2.47499106],[-0.3974601  -0.7094101  -0.13821845],-4.050229198139978,40.480277595654,8152.443285324789,-4746.882944296944,2599.0571451947867,-0.39746010010637506,-0.7094101025245582,-0.1382184527971289
89.5,[ 8252.50279324 -4867.38896232  2623.83166468],[ 10.00947323 -12.14971584   2.46943508],[-0.39635046 -0.70835522 -0.13708686],-4.07358013758047,40.42680901067973,8252.502793237587,-4867.3889623231,2623.8316646834473,-0.39635046058756895,-0.7083552214919138,-0.13708685662159178
90.0,[ 8297.73797959 -4922.16195574  2634.98735448],[ 10.0538245  -12.21503246   2.47835705],[-0.39583761 -0.70787113 -0.13656074],-5.084493449775914,40.37334108824472,8297.737979589141,-4922.16195573657,2634.98735448019,-0.39583761071832946,-0.7078711301398659,-0.1365607422395616
