run_id,reward,rso_r_N_x,rso_r_N_y,rso_r_N_z,rso_v_N_x,rso_v_N_y,rso_v_N_z,inspector_r_N_x,inspector_r_N_y,inspector_r_N_z,inspector_v_N_x,inspector_v_N_y,inspector_v_N_z,hill_x,hill_y,hill_z,v_DC_Hc_x,v_DC_Hc_y,v_DC_Hc_z,inspector_sigma_BN_x,inspector_sigma_BN_y,inspector_sigma_BN_z,inspector_omega_BN_B_x,inspector_omega_BN_B_y,inspector_omega_BN_B_z,docked_state,dV_remaining,max_range_violation,sim_time,pointing_error,torque_cmd_x,torque_cmd_y,torque_cmd_z,wheel_speeds_x,wheel_speeds_y,wheel_speeds_z,time_min,range_mag,vel_mag,sigma_1,sigma_2,sigma_3,torque_x,torque_y,torque_z,ws_0,ws_1,ws_2,pointing_error_deg
1,-2.0131281528074316,-21800000105.98264,35382276277.72765,-6992345841.793918,-83.21443429550207,-48.839003439705685,12.22175378082221,-21799996791.555817,35382278205.988686,-6992343087.50023,-84.87142626487962,-49.24658588204505,11.181542262893885,-552.5751760982333,-3457.916529107875,3166.5791387499535,0.6875249631159572,1.4915782086714984,-1.1385440436638956,-0.1460284870787973,-0.46250187750267213,-0.684370688426664,5.7686234026394085e-05,8.810798006102667e-05,-2.9578409647594157e-05,False,148.0,False,1.0,2.2738820020211046,0.0,0.0,0.0,-126.68143339025426,-98.1344930985286,132.7812755606958,0.016666666666666666,4721.202123345689,1.9984440614772807,-0.1460284870787973,-0.46250187750267213,-0.684370688426664,0.0,0.0,0.0,-126.68143339025426,-98.1344930985286,132.7812755606958,130.28384182656742
1,-2.013108796267268,-21800000272.41316,35382276180.05318,-6992345817.347939,-83.21608216777982,-48.8354775423103,12.22422539022102,-21799996964.631523,35382278106.66461,-6992343067.185723,-86.5386772033753,-49.660270433791354,10.158488705495055,-549.8372029148481,-3451.8209834485783,3162.1597250237664,1.3689921463855965,2.9971314669920868,-2.2650029586387284,-0.1459399640282659,-0.46251507734844766,-0.6843483872178312,4.081983962889727e-05,9.176880096845297e-05,-3.829543427881953e-05,False,146.0,False,2.0,2.2741076539517486,0.0,0.0,0.0,-126.68141652385985,-98.1344967593495,132.78128427772043,0.03333333333333333,4713.453423769828,3.998396544859173,-0.1459399640282659,-0.46251507734844766,-0.6843483872178312,0.0,0.0,0.0,-126.68141652385985,-98.1344967593495,132.78128427772043,130.2967707298323
1,-2.013082030699523,-21800000438.846973,35382276082.38575,-6992345792.897017,-83.21773004243137,-48.831951645641574,12.226696999263153,-21799997141.054504,35382278006.47033,-6992343048.878292,-88.21231324436759,-50.09538069340502,9.154951420531685,-545.7721295797528,-3442.6772654774054,3155.5160316699603,2.0325356534941865,4.5212907060475676,-3.377046561876342,-0.1458499014395514,-0.4625225478178596,-0.6843411551456074,2.5610433995425705e-05,8.991234308502356e-05,-4.9254970412830584e-05,False,144.0,False,3.0,2.274555810567931,0.0,0.0,0.0,-126.6814013144542,-98.13449490289162,132.78129523725656,0.05,4701.826814950455,5.998142571863225,-0.1458499014395514,-0.4625225478178596,-0.6843411551456074,0.0,0.0,0.0,-126.6814013144542,-98.13449490289162,132.78129523725656,130.3224482125004
1,-2.0130479015343523,-21800000605.284084,35382275984.72537,-6992345768.441151,-83.21937791945673,-48.828425749699505,12.229168607948608,-21799997320.833794,35382277905.35664,-6992343032.540504,-89.89046693640485,-50.55508176168456,8.170129236749684,-540.4227961324132,-3430.4484443963715,3146.673991720774,2.6746650688031717,6.0639485812518945,-4.476073884815509,-0.14576137961513444,-0.4625285920100781,-0.6843495049038508,1.3777514795344659e-05,8.274886926544321e-05,-6.121798532894091e-05,False,142.0,False,4.0,2.2752220138398065,0.0,0.0,0.0,-126.681389481535,-98.13448773941779,132.78130720027147,0.06666666666666667,4686.319508784373,7.9975335603340945,-0.14576137961513444,-0.4625285920100781,-0.6843495049038508,0.0,0.0,0.0,-126.681389481535,-98.13448773941779,132.78130720027147,130.3606188482767
1,-2.0130064767421816,-21800000771.72449,35382275887.072044,-6992345743.980342,-83.2210257988559,-48.824899854484094,12.231640216277388,-21799997503.973793,35382277803.27006,-6992343018.138775,-91.57082181807006,-51.04152681450476,7.202100318847847,-533.8374130200202,-3415.0998705192374,3135.6549858843723,3.2926932370705466,7.6239642021393275,-5.564360537957788,-0.14567730357802333,-0.46253767360181103,-0.6843721891045845,6.658669661235926e-06,7.108853833080735e-05,-7.283211187481347e-05,False,140.0,False,5.0,2.2760982248737602,0.0,0.0,0.0,-126.68138236268987,-98.13447607908685,132.78131881439802,0.08333333333333333,4666.928508094155,9.996437720775035,-0.14567730357802333,-0.46253767360181103,-0.6843721891045845,0.0,0.0,0.0,-126.68138236268987,-98.13447607908685,132.78131881439802,130.41082204248502
1,-2.012957849493825,-21800000938.168194,35382275789.425766,-6992345719.51459,-83.22267368062889,-48.82137395999534,12.234111824249489,-21799997690.473785,35382277700.15503,-6992343005.645297,-93.25081844943934,-51.55575289085718,6.247974638405569,-526.0675964522915,-3396.6009715715236,3122.4744278600815,3.884905036432981,9.199306104269233,-6.644892439986535,-0.14560007560418864,-0.46255391300980914,-0.6844063415477211,5.058437648028115e-06,5.624968687829959e-05,-8.278448840162935e-05,False,138.0,False,6.0,2.2771733699312766,0.0,0.0,0.0,-126.68138076245786,-98.13446124023541,132.78132876677455,0.1,4643.650700554236,11.994762001854715,-0.14560007560418864,-0.46255391300980914,-0.6844063415477211,0.0,0.0,0.0,-126.68138076245786,-98.13446124023541,132.78132876677455,130.47242331664506
1,-2.0129021408633165,-21800001104.615192,35382275691.78654,-6992345695.043895,-83.22432156477568,-48.817848066233246,12.23658343186491,-21799997880.327797,35382277595.9558,-6992342995.039449,-94.92782890179457,-52.097847616862396,5.304159605987377,-517.1666690547917,-3374.9264675737836,3107.1407732380203,4.4504635885729815,10.78731858583657,-7.721144289476792,-0.14553132455607048,-0.46258062235061026,-0.6844478007460371,9.15747660710494e-06,3.990975412386086e-05,-8.995010556412505e-05,False,136.0,False,7.0,2.2784341777368518,0.0,0.0,0.0,-126.68138486149682,-98.13444490030265,132.7813359323917,0.11666666666666667,4616.482839763346,13.992460025473328,-0.14553132455607048,-0.46258062235061026,-0.6844478007460371,0.0,0.0,0.0,-126.68138486149682,-98.13444490030265,132.7813359323917,130.54466228268168
1,-2.012839502323033,-21800001271.065487,35382275594.15437,-6992345670.568256,-83.22596945129628,-48.81432217319781,12.23905503912365,-21799998073.524704,35382277490.61772,-6992342986.3085375,-96.59927618215852,-52.6672811021057,4.366691036463848,-507.1883924270247,-3350.0570254991026,3089.655059912967,4.989138469855368,12.38503215735355,-8.796827158353437,-0.14547172232228098,-0.46261993143419405,-0.6844915792878634,1.8492250766703123e-05,2.3915716500657735e-05,-9.351892353949224e-05,False,134.0,False,8.0,2.279866220409549,0.0,0.0,0.0,-126.68139419627099,-98.13442890626503,132.78133950120966,0.13333333333333333,4585.42152138213,15.989518199871341,-0.14547172232228098,-0.46261993143419405,-0.6844915792878634,0.0,0.0,0.0,-126.68139419627099,-98.13442890626503,132.78133950120966,130.62671228390985
1,-2.0127701174868826,-21800001437.519077,35382275496.52926,-6992345646.087675,-83.22761734019069,-48.81079628088904,12.241526646025713,-21799998270.04848,35382277384.087654,-6992342979.447829,-98.26271245228757,-53.26326933618608,3.431590145363474,-496.18643651926897,-3321.979289853814,3070.0109706584117,5.5009818415965315,13.989457885949115,-9.875616285146094,-0.1454209079505815,-0.4626725468703952,-0.6845324263741531,3.2007485890315254e-05,1.0075428819834328e-05,-9.308741970831149e-05,False,132.0,False,9.0,2.281455003075642,0.0,0.0,0.0,-126.68140771150611,-98.13441506597735,132.7813390697058,0.15,4550.463134887079,17.98592589153423,-0.1454209079505815,-0.4626725468703952,-0.6845324263741531,0.0,0.0,0.0,-126.68140771150611,-98.13441506597735,132.7813390697058,130.71774282524055
1,-2.0126942037154207,-21800001603.975964,35382275398.911194,-6992345621.60215,-83.22926523145891,-48.807270389306936,12.243998252571094,-21799998469.87862,35382277276.31403,-6992342974.459872,-99.9158931500828,-53.885047196565814,2.495214262966092,-484.21428116363217,-3290.6854358584537,3048.195484410386,5.986079391178065,15.597832100443119,-10.960866257015399,-0.14537752807760967,-0.4627376715426093,-0.684565420409018,4.81754399189296e-05,-4.660491444494084e-08,-8.870423077286423e-05,False,130.0,False,10.0,2.283187056997143,0.0,0.0,0.0,-126.68142387946014,-98.13440494394362,132.78133468651686,0.16666666666666666,4511.603907595792,19.981644121925484,-0.14537752807760967,-0.4627376715426093,-0.684565420409018,0.0,0.0,0.0,-126.68142387946014,-98.13440494394362,132.78133468651686,130.81698220483162
1,-2.0126120143314536,-21800001770.436142,35382275301.30018,-6992345597.111682,-83.23091312510094,-48.80374449845149,12.246469858759795,-21799998672.99071,35382277167.24654,-6992342971.35324,-101.55686797379629,-54.53198665495238,1.554551707694539,-471.3253794048197,-3256.172359202345,3024.19003299394,6.444449228562561,17.207790799086183,-12.055349169720182,-0.1453393892834778,-0.4628130937919973,-0.6845865250035936,6.516851998508224e-05,-5.3060116538433495e-06,-8.086471964385687e-05,False,128.0,False,11.0,2.285050948138271,0.0,0.0,0.0,-126.68144087254021,-98.13439968453687,132.78132684700572,0.18333333333333332,4468.84005103834,21.976588307753975,-0.1453393892834778,-0.4628130937919973,-0.6845865250035936,0.0,0.0,0.0,-126.68144087254021,-98.13439968453687,132.78132684700572,130.9237753006901
1,-2.0125238424256477,-21800001936.899612,35382275203.69621,-6992345572.616271,-83.23256102111678,-48.800218608322716,12.248941464591814,-21799998879.357212,35382277056.83587,-6992342970.140916,-103.18407313256442,-55.20357178765936,0.6073977593831508,-457.5732097671216,-3218.4407136969803,2997.972017741829,6.876081389506162,18.81745829267251,-13.16107947846668,-0.14530370542733778,-0.46289543658760174,-0.6845930456232551,8.106577577811201e-05,-5.107936522244526e-06,-7.045505245272866e-05,False,126.0,False,12.0,2.287038161162771,0.0,0.0,0.0,-126.681456769796,-98.134399882612,132.78131643733852,0.2,4422.168030394359,23.970632968490822,-0.14530370542733778,-0.46289543658760174,-0.6845930456232551,0.0,0.0,0.0,-126.681456769796,-98.134399882612,132.78131643733852,131.03763421998735
1,-2.012430026319437,-21800002103.36638,35382275106.0993,-6992345548.115916,-83.23420891950643,-48.79669271892061,12.251413070067152,-21799999088.948338,35382276945.03374,-6992342970.838639,-104.79638755962404,-55.89930015875415,-0.3476257073530652,-443.01111647608667,-3177.493927726875,2969.516401133544,7.281046452563933,20.425448367132606,-14.279275710120267,-0.14526741224099407,-0.4629805388380832,-0.684583935045647,9.406997961655794e-05,5.255950349708955e-07,-5.86520725904325e-05,False,124.0,False,13.0,2.289143775263283,0.0,0.0,0.0,-126.68146977399984,-98.13440551614356,132.78130463435866,0.21666666666666667,4371.58485753893,25.963634053198803,-0.14526741224099407,-0.4629805388380832,-0.684583935045647,0.0,0.0,0.0,-126.68146977399984,-98.13440551614356,132.78130463435866,131.15827702122994
1,-2.0123309561767697,-21800002269.83644,35382275008.50944,-6992345523.610619,-83.23585682026989,-48.79316683024516,12.253884675185807,-21799999301.732944,35382276831.79301,-6992342973.463465,-106.39312807576759,-56.618601573971254,-1.311176999376996,-427.6919591648386,-3133.3373355401914,2938.7971308919737,7.659578965658402,22.030806008529503,-15.410448032495413,-0.14522751371230785,-0.4630639258922273,-0.6845599126924924,0.00010271079255308587,1.0958004464113611e-05,-4.6790265057235754e-05,False,122.0,False,14.0,2.291366852950565,0.0,0.0,0.0,-126.68147841481277,-98.13441594855298,132.78129277255113,0.23333333333333334,4317.088352902134,27.95545513632103,-0.14522751371230785,-0.4630639258922273,-0.6845599126924924,0.0,0.0,0.0,-126.68147841481277,-98.13441594855298,132.78129277255113,131.2856499902409
1,-2.0122270806398768,-21800002436.3098,35382274910.926636,-6992345499.100378,-83.23750472340716,-48.78964094229639,12.25635627994778,-21799999517.67928,35382276717.06775,-6992342978.032579,-107.97399219149585,-57.36086342462675,-2.2833216285857385,-411.6678725734836,-3085.977422885579,2905.788289935433,8.012047655998694,23.632955289254248,-16.554526517615425,-0.14518142101986342,-0.4631413159600436,-0.6845233839251561,0.000106011056520627,2.500998527925278e-05,-3.621084569057581e-05,False,120.0,False,15.0,2.293710439785336,0.0,0.0,0.0,-126.68148171507674,-98.1344300005338,132.78128219313177,0.25,4258.677339009681,29.945981893541525,-0.14518142101986342,-0.4631413159600436,-0.6845233839251561,0.0,0.0,0.0,-126.68148171507674,-98.1344300005338,132.78128219313177,131.4199276247957
1,-2.0121189121876504,-21800002602.786453,35382274813.35088,-6992345474.585194,-83.23915262891822,-48.78611505507428,12.258827884353071,-21799999736.755596,35382276600.81292,-6992342984.562109,-109.538980963631,-58.12565267767697,-3.2635285986076026,-394.9904140129949,-3035.4209867555605,2870.4651839781222,8.338728531483394,25.23174540983403,-17.710901824787754,-0.14512724549163117,-0.46320910493147555,-0.6844781681785432,0.00010359738496301226,4.109276922486915e-05,-2.8110053973203003e-05,False,118.0,False,16.0,2.2961811219929835,0.0,0.0,0.0,-126.68147930140518,-98.13444608331774,132.78127409234006,0.26666666666666666,4196.351792501293,31.93511254709659,-0.14512724549163117,-0.46320910493147555,-0.6844781681785432,0.0,0.0,0.0,-126.68147930140518,-98.13444608331774,132.78127409234006,131.56148728781196
1,-2.012007030216475,-21800002769.266403,35382274715.78218,-6992345450.065066,-83.24080053680309,-48.782589168578845,12.261299488401677,-21799999958.93063,35382276482.98309,-6992342993.06545,-111.08834206590171,-58.913148898043936,-4.250434523629553,-377.7116720171763,-2981.6738760284356,2832.805699409223,8.639372739942154,26.827649296444392,-18.87828301228372,-0.14506401223184867,-0.4632647744403254,-0.6844290666959421,9.574249737713257e-05,5.738779393045499e-05,-2.3403833787416144e-05,False,116.0,False,17.0,2.2987880531718776,0.0,0.0,0.0,-126.68147144651759,-98.13446237834245,132.78126938611985,0.2833333333333333,4130.1129937053565,33.922722437984675,-0.14506401223184867,-0.4632647744403254,-0.6844290666959421,0.0,0.0,0.0,-126.68147144651759,-98.13446237834245,132.78126938611985,131.71085344184365
1,-2.011892082830006,-21800002935.74965,35382274618.22053,-6992345425.539996,-83.24244844706178,-48.77906328281008,12.263771092093599,-21800000184.174076,35382276363.53048,-6992343003.550971,-112.62254837302812,-59.724546237576,-5.241524643077888,-359.88605742828105,-2924.739297961842,2792.7921268777336,8.912805065272108,28.42198751342169,-20.05446848205172,-0.14499177011908615,-0.4633071767786916,-0.6843813190192835,8.333445826438587e-05,7.205243844899345e-05,-2.2624234849049596e-05,False,114.0,False,18.0,2.301541581344808,0.0,0.0,0.0,-126.68145903847848,-98.13447704298696,132.7812686065209,0.3,4059.96376822797,35.908622563978206,-0.14499177011908615,-0.4633071767786916,-0.6843813190192835,0.0,0.0,0.0,-126.68145903847848,-98.13447704298696,132.7812686065209,131.86861898492296
1,-2.011774789943118,-21800003102.23619,35382274520.665924,-6992345401.009982,-83.24409635969427,-48.775537397767984,12.266242695428835,-21800000412.45695,35382276242.40297,-6992343016.01975,-114.14226306119922,-60.56199439802182,-6.233153598256515,-341.57213366446956,-2864.616243874405,2750.412964082814,9.156958887704281,30.016866283170835,-21.236353408282746,-0.14491158575939161,-0.4633366643845419,-0.6843400100893725,6.777626666046579e-05,8.342850706947773e-05,-2.5859267462712125e-05,False,112.0,False,19.0,2.304451709531547,0.0,0.0,0.0,-126.68144348028687,-98.13448841905559,132.78127184155352,0.31666666666666665,3985.9088323944407,37.892543641386055,-0.14491158575939161,-0.4633366643845419,-0.6843400100893725,0.0,0.0,0.0,-126.68144348028687,-98.13448841905559,132.78127184155352,132.03535704786515
1,-2.0116558929807327,-21800003268.72603,35382274423.11837,-6992345376.475025,-83.24574427470057,-48.77201151345256,12.268714298407385,-21800000643.7251,35382276119.55971,-6992343030.5182295,-115.63489943354512,-61.41986779368883,-7.248004314468347,-322.8245088782088,-2801.3366188249315,2705.6152443064047,9.373809925387345,31.595827715697794,-22.444670416888087,-0.14482542226294948,-0.4633550494181804,-0.6843094953271884,5.082715236229362e-05,9.022981859300555e-05,-3.274300780034481e-05,False,110.0,False,20.0,2.307527983468569,0.0,0.0,0.0,-126.68142653117258,-98.1344952203671,132.78127872529384,0.3333333333333333,3907.9478458297217,39.87389962970864,-0.14482542226294948,-0.4633550494181804,-0.6843094953271884,0.0,0.0,0.0,-126.68142653117258,-98.1344952203671,132.78127872529384,132.2116145610826
1,-2.011536169979088,-21800003435.219162,35382274325.57787,-6992345351.935125,-83.24739219208068,-48.76848562986381,12.27118590102925,-21800000877.916798,35382275994.95748,-6992343047.098227,-117.09667215817487,-62.2993519794361,-8.288762679438504,-303.70280437779894,-2734.938307018097,2658.3404319863553,9.560850358341275,33.15588694620204,-23.682204522536363,-0.14473591682269646,-0.4633653983015088,-0.6842929088059264,3.4403559239592124e-05,9.168763990317619e-05,-4.249704812077951e-05,False,108.0,False,21.0,2.3107772180880293,0.0,0.0,0.0,-126.68141010757947,-98.1344966781884,132.78128847933417,0.35,3826.081126807867,41.85175635276454,-0.14473591682269646,-0.4633653983015088,-0.6842929088059264,0.0,0.0,0.0,-126.68141010757947,-98.1344966781884,132.78128847933417,132.39778199142546
1,-2.0114164852581786,-21800003601.71559,35382274228.04443,-6992345327.390282,-83.24904011183459,-48.76495974700173,12.27365750329443,-21800001114.967266,35382275868.54866,-6992343065.80798,-118.52605845741721,-63.20264894621272,-9.353640804143838,-284.2725118795046,-2665.459138261433,2608.532649169149,9.715147093238949,34.69707000922507,-24.947627153325403,-0.14464608248354155,-0.46337168476188767,-0.6842918099412428,2.0362370793760485e-05,8.763751135950421e-05,-5.401857048235665e-05,False,106.0,False,22.0,2.3142027152344538,0.0,0.0,0.0,-126.68139606639102,-98.13449262805986,132.78130000085653,0.36666666666666664,3740.3109309966576,43.82527639216522,-0.14464608248354155,-0.46337168476188767,-0.6842918099412428,0.0,0.0,0.0,-126.68139606639102,-98.13449262805986,132.78130000085653,132.5940485206497
1,-2.0112977823772904,-21800003768.215317,35382274130.51804,-6992345302.840495,-83.2506880339623,-48.761433864866326,12.276129105202923,-21800001354.80724,35382275740.28336,-6992343086.695523,-119.92081072470943,-64.1308842058154,-10.442535986942937,-264.60336501414037,-2592.9396415770507,2556.1358615696813,9.834575483300595,36.21802951629074,-26.241018178800243,-0.1445589679206224,-0.46337834078482687,-0.684306008247595,1.0290933655127013e-05,7.853768484677706e-05,-6.600505591539118e-05,False,104.0,False,23.0,2.3178042112674055,0.0,0.0,0.0,-126.68138599495389,-98.13448352823335,132.78131198734198,0.38333333333333336,3650.641240719376,45.7936193376301,-0.1445589679206224,-0.46337834078482687,-0.684306008247595,0.0,0.0,0.0,-126.68138599495389,-98.13448352823335,132.78131198734198,132.80039904327094
1,-2.0111810706248674,-21800003934.718338,35382274032.9987,-6992345278.285766,-83.25233595846383,-48.75790798345759,12.278600706754728,-21800001597.36115,35382275610.11157,-6992343109.812121,-121.27777991018392,-65.0841328299178,-11.557063412099271,-244.76794305378417,-2517.426079962919,2501.090994747989,9.917711531752037,37.715902276997085,-27.563899038885364,-0.14447731359945298,-0.4633897562025308,-0.6843335855261712,5.327637941108483e-06,6.541715797172563e-05,-7.710151716388487e-05,False,102.0,False,24.0,2.3215782017570414,0.0,0.0,0.0,-126.68138103165816,-98.13447040770647,132.78132308380322,0.4,3557.077673882556,47.755824951736585,-0.14447731359945298,-0.4633897562025308,-0.6843335855261712,0.0,0.0,0.0,-126.68138103165816,-98.13447040770647,132.78132308380322,133.0166327702496
1,-2.011067401096026,-21800004101.224655,35382273935.48641,-6992345253.726092,-83.25398388533917,-48.75438210277554,12.281072307949847,-21800001842.544926,35382275477.98461,-6992343135.215249,-122.59271053735333,-66.06171699252933,-12.700328094932953,-224.8410636688088,-2438.973454722313,2443.333377162768,9.963438208930963,39.186311938755004,-28.91906647659338,-0.14440324293658335,-0.46340978324536763,-0.6843711126722541,6.033321820458023e-06,4.975924865028812e-05,-8.605362029056981e-05,False,100.0,False,25.0,2.3255185042084436,0.0,0.0,0.0,-126.68138173734204,-98.13445474979716,132.78133203590633,0.4166666666666667,3459.627582372044,49.710658315719634,-0.14440324293658335,-0.46340978324536763,-0.6843711126722541,0.0,0.0,0.0,-126.68138173734204,-98.13445474979716,132.78133203590633,133.24239547072
1,-1.8936207425841252,-21800004267.73427,35382273837.98117,-6992345229.161476,-83.2556318145883,-48.75085622282016,12.283543908788277,-21800002090.114506,35382275343.973465,-6992343162.832619,-123.78561403748357,-67.00380883905333,-13.807448999789823,-204.90137553469276,-2357.817324185468,2382.9537257991256,9.969843545832056,40.53898988043503,-30.228828924391767,-0.1443380230583836,-0.4634413017195859,-0.6844140365652358,1.232799221880632e-05,3.333391265682056e-05,-9.184941351574712e-05,False,98.11732152292213,False,26.0,2.3296207829661473,0.0,0.0,0.0,-126.68138803201244,-98.13443832446116,132.78133783169955,0.43333333333333335,3358.534735152379,51.5421146150847,-0.1443380230583836,-0.4634413017195859,-0.6844140365652358,0.0,0.0,0.0,-126.68138803201244,-98.13443832446116,132.78133783169955,133.47743872992257
1,-1.7629306263874807,-21800004434.247177,35382273740.48298,-6992345204.591917,-83.25727974621124,-48.74733034359146,12.286015509270017,-21800002339.808086,35382275208.16862,-6992343192.575699,-124.84761554496562,-67.90065992668642,-14.870304237529222,-185.02302581344242,-2274.21614696229,2320.0631235110295,9.939173672482465,41.762480655967565,-31.483007093751038,-0.14428192194986772,-0.46348589366886667,-0.6844571935706338,2.3499960225026065e-05,1.799775485427019e-05,-9.383367549648207e-05,False,96.3651943414223,False,27.0,2.333881894414841,0.0,0.0,0.0,-126.68139920398043,-98.13442298830334,132.78133981596153,0.45,3254.0721412195094,53.23600003284442,-0.14428192194986772,-0.46348589366886667,-0.6844571935706338,0.0,0.0,0.0,-126.68139920398043,-98.13442298830334,132.78133981596153,133.72158243196762
1,-1.62876250928284,-21800004600.763382,35382273642.991844,-6992345180.017414,-83.25892768020799,-48.74380446508943,12.288487109395069,-21800002591.358234,35382275070.66885,-6992343224.348987,-125.77589983414889,-68.74811818746583,-15.885408081558243,-165.27726804522862,-2188.436466339232,2254.781352228569,9.872879934675213,42.85273747728871,-32.67725392893791,-0.1442341780509912,-0.4635436641798415,-0.6844953920547115,3.828631822546321e-05,5.484293466841321e-06,-9.178198102786582e-05,False,94.747081636978,False,28.0,2.3383004209096567,0.0,0.0,0.0,-126.68141399033844,-98.13441047484196,132.78133776426708,0.4666666666666667,3146.523428944004,54.787168131216866,-0.1442341780509912,-0.4635436641798415,-0.6844953920547115,0.0,0.0,0.0,-126.68141399033844,-98.13441047484196,132.78133776426708,133.97474535178728
1,-1.492952560844943,-21800004767.282883,35382273545.50777,-6992345155.437968,-83.26057561657854,-48.74027858731409,12.290958709163432,-21800002844.49348,35382274931.578545,-6992343258.050327,-126.56844783648934,-69.54339304210555,-16.849434541989964,-145.7338523100872,-2100.75022877808,2187.23598782224,9.771708950111496,43.80705859997565,-33.80767874016382,-0.1441930858390938,-0.4636132287046468,-0.6845239985067714,5.501565318751606e-05,-2.7918828684469323e-06,-8.592611528809792e-05,False,93.26460936925882,False,29.0,2.342877561577232,0.0,0.0,0.0,-126.6814307196734,-98.13440219866563,132.78133190840134,0.48333333333333334,3036.1803546306373,56.191670386148104,-0.1441930858390938,-0.4636132287046468,-0.6845239985067714,0.0,0.0,0.0,-126.6814307196734,-98.13440219866563,132.78133190840134,134.23699619427703
1,-1.3558020869822105,-21800004933.80568,35382273448.03074,-6992345130.8535795,-83.26222355532289,-48.73675271026543,12.293430308575104,-21800003098.938076,35382274791.007614,-6992343293.569538,-127.22312020279249,-70.28370166439638,-17.758369646862302,-126.46140499564643,-2011.4348023642826,2117.5637432994663,9.636224458241426,44.622730862310476,-34.869716503107796,-0.14415618796677282,-0.46369186863702094,-0.6845394612664827,7.17968904830735e-05,-5.894986104831664e-06,-7.692794499583521e-05,False,91.91910097248562,False,30.0,2.3476182471916176,0.0,0.0,0.0,-126.6814475009107,-98.13439909556239,132.78132291023104,0.5,2923.343746132528,57.445122163913226,-0.14415618796677282,-0.46369186863702094,-0.6845394612664827,0.0,0.0,0.0,-126.6814475009107,-98.13439909556239,132.78132291023104,134.5086174719797
1,-1.2164439331828099,-21800005100.33177,35382273350.56076,-6992345106.264247,-83.26387149644106,-48.73322683394344,12.295901907630086,-21800003354.41039,35382274649.073814,-6992343330.785287,-127.73698195140744,-70.96513667468167,-18.60663855858525,-107.52687946137023,-1920.7750846091344,2045.9140276384526,9.467263798700998,45.29599405185148,-35.857023768591276,-0.14412055251182926,-0.46377583791782934,-0.6845397126139596,8.673297072125069e-05,-3.4738781938540784e-06,-6.580466710196898e-05,False,90.71274537927292,False,31.0,2.3525323676783154,0.0,0.0,0.0,-126.68146243699094,-98.13440151667031,132.78131178695315,0.5166666666666667,2808.327467363755,58.54128726395482,-0.14412055251182926,-0.46377583791782934,-0.6845397126139596,0.0,0.0,0.0,-126.68146243699094,-98.13440151667031,132.78131178695315,134.7901758358863
1,-1.0740281359978765,-21800005266.86116,35382273253.09783,-6992345081.669971,-83.26551943993303,-48.72970095834814,12.298373506328375,-21800003610.62119,35382274505.90567,-6992343369.560779,-128.10622346157035,-71.58230742996213,-19.386509767751487,-88.99468127138398,-1829.0659047000636,1972.4538203294032,9.26609935048147,45.821868964385544,-36.76081957503096,-0.14408310418738726,-0.46386078627861344,-0.6845244034615301,9.813525494941002e-05,4.198091459573672e-06,-5.3813852374453464e-05,False,89.64857922367213,False,32.0,2.357635822368212,0.0,0.0,0.0,-126.68147383927517,-98.13440918863996,132.78129979613843,0.5333333333333333,2691.4635814669523,59.47152367638054,-0.14408310418738726,-0.46386078627861344,-0.6845244034615301,0.0,0.0,0.0,-126.68147383927517,-98.13440918863996,132.78129979613843,135.0825822505536
1,-0.9295653030808967,-21800005433.393845,35382273155.64195,-6992345057.070753,-83.2671673857988,-48.726175083479525,12.300845104669973,-21800003867.273212,35382274361.64417,-6992343409.739367,-128.32683572190138,-72.12898602773902,-20.08805816973925,-70.92619885276943,-1736.6126874448055,1897.3723237197298,9.034239333203391,46.19506448214395,-37.56999874689067,-0.14404097209522504,-0.463942251339342,-0.6844949436802529,0.00010471444846012453,1.6253825669373203e-05,-4.231126115898516e-05,False,88.72862569576627,False,33.0,2.3629510308526616,0.0,0.0,0.0,-126.68148041846868,-98.13442124437418,132.78128829354722,0.55,2573.106271939731,60.22546196319629,-0.14404097209522504,-0.463942251339342,-0.6844949436802529,0.0,0.0,0.0,-126.68148041846868,-98.13442124437418,132.78128829354722,135.3871212639447
1,-0.7881791759341393,-21800005599.929825,35382273058.19312,-6992345032.466591,-83.26881533403838,-48.72264920933758,12.30331670265488,-21800004124.06326,35382274216.44165,-6992343451.141591,-128.39584611434805,-72.59949507713773,-20.69987649544895,-53.38015750701352,-1643.7287126784718,1820.883577883205,8.77301996234733,46.41164174764966,-38.27214408440392,-0.14399181456768972,-0.464016163762939,-0.6844543431308111,0.00010572645219448547,3.133039319012614e-05,-3.259750981665708e-05,False,87.94978109128189,False,34.0,2.3685066285350955,0.0,0.0,0.0,-126.68148143047242,-98.1344363209417,132.78127857979587,0.5666666666666667,2453.6321089975654,60.79279054122533,-0.14399181456768972,-0.464016163762939,-0.6844543431308111,0.0,0.0,0.0,-126.68148143047242,-98.1344363209417,132.78127857979587,135.7054335638208
1,-0.6615620745442109,-21800005766.4691,35382272960.75135,-6992345007.857486,-83.27046328465175,-48.719123335922326,12.305788300283094,-21800004380.686802,35382274070.457886,-6992343493.56501,-128.312596527716,-72.99011956875687,-21.21047363762578,-36.41353109760642,-1550.7291936681768,1743.2257167485052,8.483313237510353,46.470639391476205,-38.85521660811331,-0.1439340841395657,-0.4640793080400443,-0.6844068712249329,0.00010105661309329318,4.772309814378271e-05,-2.577094815332575e-05,False,87.29724631531442,False,35.0,2.3743363632498826,0.0,0.0,0.0,-126.68147676063332,-98.13445271364665,132.7812717532342,0.5833333333333334,2333.435852316298,61.16547054181585,-0.1439340841395657,-0.4640793080400443,-0.6844068712249329,0.0,0.0,0.0,-126.68147676063332,-98.13445271364665,132.7812717532342,136.03945275865902
1,-0.5697575983830496,-21800005933.011673,35382272863.316635,-6992344983.243438,-83.27211123763894,-48.715597463233756,12.308259897554613,-21800004636.844265,35382273923.85467,-6992343536.78746,-128.0795548046837,-73.29984587335441,-21.609989155609274,-20.082313066756093,-1457.9235882931441,1664.6565033220538,8.165610716769532,46.3749213072779,-39.30940488552114,-0.14386720248120544,-0.4641296864827338,-0.6843575736445208,9.123279304775103e-05,6.357829462766576e-05,-2.260341627016729e-05,False,86.73617607776355,False,36.0,2.3804774955793877,0.0,0.0,0.0,-126.68146693681327,-98.13446856884313,132.78126858570232,0.6,2212.922448404389,61.33954545876479,-0.14386720248120544,-0.4641296864827338,-0.6843575736445208,0.0,0.0,0.0,-126.68146693681327,-98.13446856884313,132.78126858570232,136.391313722571
1,-0.5364535333039333,-21800006099.55754,35382272765.88897,-6992344958.624446,-83.27375919299993,-48.71207159127187,12.31073149446944,-21800004892.24763,35382273776.79051,-6992343580.573368,-127.70250734169372,-73.53031254236076,-21.89171779136391,-4.441484244264724,-1365.608093301492,1585.4459086267013,7.820417399110633,46.13112303785658,-39.628610797495725,-0.14379162543060992,-0.4641667450825847,-0.6843117012108482,7.736573186499076e-05,7.710310866221258e-05,-2.3452957362122722e-05,False,86.20803547014235,False,37.0,2.3869691571015323,0.0,0.0,0.0,-126.6814530697521,-98.13448209365717,132.78126943524342,0.6166666666666667,2092.497053869844,61.31611725125433,-0.14379162543060992,-0.4641667450825847,-0.6843117012108482,0.0,0.0,0.0,-126.6814530697521,-98.13448209365717,132.78126943524342,136.76325852981736
1,-0.5701116393752325,-21800006266.106705,35382272668.46835,-6992344934.000511,-83.27540715073472,-48.708545720036675,12.313203091027573,-21800005146.62647,35382273629.41628,-6992343624.681924,-127.1902425299614,-73.68535217861378,-22.05304212762641,10.455771306762028,-1274.0593164667177,1505.8670658218107,7.448627352928559,45.74903206999744,-39.811259800319704,-0.1437087908619338,-0.4641914357231593,-0.6842741158778274,6.102342850147667e-05,8.676828836490125e-05,-2.8223366401610526e-05,False,85.64582691232701,False,38.0,2.393850926471827,0.0,0.0,0.0,-126.68143672744873,-98.13449175883687,132.78127420565247,0.6333333333333333,1972.5547102567393,61.10149254865221,-0.1437087908619338,-0.4641914357231593,-0.6842741158778274,0.0,0.0,0.0,-126.68143672744873,-98.13449175883687,132.78127420565247,137.15755487031763
1,-0.6532240403690739,-21800006432.659164,35382272571.05479,-6992344909.371634,-83.2770551108433,-48.70501984952816,12.315674687229011,-21800005399.732464,35382273481.87184,-6992343668.875569,-126.55382129695181,-73.77045585343008,-22.095586920361082,24.559013558998817,-1183.5297986077335,1426.1871658160787,7.051621646479432,45.24067460548349,-39.860324243108394,-0.1436209555165341,-0.46420610794163536,-0.684248741269921,4.405376139549701e-05,9.148118059647298e-05,-3.6375135953204576e-05,False,85.00006072639758,False,39.0,2.4011616156407425,0.0,0.0,0.0,-126.68141975778163,-98.1344964717291,132.78128235742201,0.65,1853.471273388922,60.70658494241025,-0.1436209555165341,-0.46420610794163536,-0.684248741269921,0.0,0.0,0.0,-126.68141975778163,-98.1344964717291,132.78128235742201,137.5764265050285
1,-0.7604387542740372,-21800006599.21492,35382272473.64827,-6992344884.737812,-83.2787030733257,-48.70149397974634,12.318146283073753,-21800005651.341923,35382273334.28385,-6992343712.9273,-125.80555424355207,-73.79223191818251,-22.024629765393414,37.82120797649916,-1094.2456974717638,1346.659796977531,6.631095822246951,44.61924288265991,-39.782611263713164,-0.14353093951987872,-0.4642142428030526,-0.6842381198818196,2.837544925797694e-05,9.070924023200657e-05,-4.698653126963085e-05,False,84.24660005000761,False,40.0,2.408938169990303,0.0,0.0,0.0,-126.68140407946949,-98.13449569978873,132.78129296881735,0.6666666666666666,1735.5969287262044,60.145693330323624,-0.14353093951987872,-0.4642142428030526,-0.6842381198818196,0.0,0.0,0.0,-126.68140407946949,-98.13449569978873,132.78129296881735,138.02199024841244
1,-0.8739617417830908,-21800006765.77397,35382272376.2488,-6992344860.099049,-83.2803510381819,-48.69796811069121,12.3206178785618,-21800005901.25613,35382273186.76466,-6992343756.625777,-124.95792790185348,-73.75782835502022,-21.848002897690908,50.198822987629214,-1006.4065721002196,1267.5197080073096,6.188807232854234,43.89802539800174,-39.587544085433514,-0.14344180766575135,-0.46422005924949405,-0.6842431267221514,1.5761040725446758e-05,8.454011795288533e-05,-5.8857854403204487e-05,False,83.37910345708147,False,41.0,2.417214449591802,0.0,0.0,0.0,-126.68139146506095,-98.13448953066646,132.78130484014048,0.6833333333333333,1619.2530130843645,59.434935984866485,-0.14344180766575135,-0.46422005924949405,-0.6842431267221514,0.0,0.0,0.0,-126.68139146506095,-98.13448953066646,132.78130484014048,138.49618613964853
1,-0.9843636324605375,-21800006932.33632,35382272278.85639,-6992344835.455341,-83.2819990054119,-48.69444224236277,12.32308947369315,-21800006149.299953,35382273039.41244,-6992343799.7778845,-124.02273408851407,-73.67435098649442,-21.574817915293675,61.651629806847346,-920.1869636830781,1188.98034935584,5.726401531935534,43.08953151302733,-39.285773814823266,-0.14335652352762154,-0.46422803752545705,-0.6842628713355418,7.636505898701555e-06,7.367158569028603e-05,-7.064708482846328e-05,False,82.40066056023684,False,42.0,2.4260197045640264,0.0,0.0,0.0,-126.68138334052612,-98.1344786621342,132.7813166293709,0.7,1504.73228274815,58.59071107903182,-0.14335652352762154,-0.46422803752545705,-0.6842628713355418,0.0,0.0,0.0,-126.68138334052612,-98.1344786621342,132.7813166293709,139.00069008709357
1,-1.0875155267041747,-21800007098.901962,35382272181.47104,-6992344810.80669,-83.2836469750157,-48.69091637476102,12.325561068467804,-21800006395.319363,35382272892.312195,-6992343842.208959,-123.01053022024313,-73.54835852967061,-21.21430137116256,72.14235327086527,-835.7390845001095,1111.2339324971388,5.2453642453499745,42.20492395938322,-38.88792317112764,-0.1432776153381088,-0.464242413428684,-0.6842947988679993,4.920092260818477e-06,5.93325111515138e-05,-8.102155821226352e-05,False,81.31849153437459,False,43.0,2.4353762091355833,0.0,0.0,0.0,-126.68138062411249,-98.13446432305966,132.7813270038443,0.7166666666666667,1392.3021185179584,57.62846537126632,-0.1432776153381088,-0.464242413428684,-0.6842947988679993,0.0,0.0,0.0,-126.68138062411249,-98.13446432305966,132.7813270038443,139.53677831003864
1,-1.1822381330921798,-21800007265.4709,35382272084.092735,-6992344786.153097,-83.2852949469933,-48.68739050788595,12.32803266288576,-21800006639.178547,35382272745.53767,-6992343883.761249,-121.93041745770437,-73.38550013627322,-20.774909210019015,81.63647476412471,-753.1960197876805,1034.453382378728,4.747063388487776,41.25375958982507,-38.403639808853654,-0.14320689111657608,-0.46426670025917843,-0.6843349785458478,7.918632550040212e-06,4.3143876378649714e-05,-8.880855468371815e-05,False,80.14099727854394,False,44.0,2.4452951683470663,0.0,0.0,0.0,-126.68138362265279,-98.13444813442489,132.7813347908408,0.7333333333333333,1282.2100290321819,56.56188506121038,-0.14320689111657608,-0.46426670025917843,-0.6843349785458478,0.0,0.0,0.0,-126.68138362265279,-98.13444813442489,132.7813347908408,140.10509281001902
1,-1.2688936965713893,-21800007432.043137,35382271986.72148,-6992344761.49456,-83.28694292134472,-48.683864641737586,12.33050425694702,-21800006880.757008,35382272599.15352,-6992343924.291263,-120.79005305214491,-73.19031354728968,-20.26377092097402,90.1021468994255,-672.6749918364019,958.7954507724196,4.232833091571837,40.24396940096814,-37.841010858749804,-0.14314523494297038,-0.46430329216309507,-0.6843785470512298,1.629297451929325e-05,2.6935575242992795e-05,-9.312780558466621e-05,False,78.87621748930538,False,45.0,2.455769000580837,0.0,0.0,0.0,-126.68139199699476,-98.13443192612375,132.7813391100917,0.75,1174.6909201742712,55.402491387474505,-0.14314523494297038,-0.46430329216309507,-0.6843785470512298,0.0,0.0,0.0,-126.68139199699476,-98.13443192612375,132.7813391100917,140.70519919234215
1,-1.3485610067023623,-21800007598.618668,35382271889.35728,-6992344736.8310795,-83.28859089806993,-48.68033877631591,12.33297585065158,-21800007119.946964,35382272453.21764,-6992343963.666627,-119.5958006553548,-72.96617329768317,-19.686446312571533,97.51025755401892,-594.2803345042742,884.4043290449443,3.704054483146939,39.181992284263025,-37.206317577166196,-0.14309250721037034,-0.4643531934731786,-0.6844202570304981,2.90963888163788e-05,1.2539676058717336e-05,-9.349097137288393e-05,False,77.53111362769538,False,46.0,2.466756620213743,0.0,0.0,0.0,-126.68140480040907,-98.13441753022457,132.78133947325747,0.7666666666666667,1069.9758798871128,54.159566159923344,-0.14309250721037034,-0.4643531934731786,-0.6844202570304981,0.0,0.0,0.0,-126.68140480040907,-98.13441753022457,132.78133947325747,141.33474342420277
1,-1.4225310515515623,-21800007765.197495,35382271792.00012,-6992344712.162657,-83.29023887716893,-48.67681291162093,12.335447443999442,-21800007356.65121,35382272307.78339,-6992344001.763028,-118.35294813086733,-72.71536576366603,-19.04696495613914,103.83468397849038,-518.1060588788204,811.4151490190375,3.162211897247918,38.072994307748935,-36.504094373546906,-0.1430475601182352,-0.46441590461685406,-0.684455069201892,4.488158443171725e-05,1.583459484849509e-06,-8.985686229536127e-05,False,76.11135619566875,False,47.0,2.478155503771862,0.0,0.0,0.0,-126.68142058560468,-98.13440657400798,132.7813358391484,0.7833333333333333,968.3026768017547,52.840338621869165,-0.1430475601182352,-0.46441590461685406,-0.684455069201892,0.0,0.0,0.0,-126.68142058560468,-98.13440657400798,132.7813358391484,141.98785134324407
1,-1.491978094770751,-21800007931.779617,35382271694.65002,-6992344687.48929,-83.29188685864175,-48.67328704765264,12.337919036990604,-21800007590.781475,35382272162.901344,-6992344038.461719,-117.06595471319964,-72.43925952979487,-18.348109354505034,109.05254298126088,-444.23784530577854,739.9568279284074,2.608924672468482,36.921129949308764,-35.737446709249795,-0.14300836682293716,-0.46448947769146265,-0.684478721517124,6.186424091030877e-05,-4.69444194338456e-06,-8.263615385958231e-05,False,74.62144096276447,False,48.0,2.4897485615765444,0.0,0.0,0.0,-126.68143756826116,-98.13440029610655,132.78132861843994,0.8,869.9286335846587,51.45037824911328,-0.14300836682293716,-0.46448947769146265,-0.684478721517124,0.0,0.0,0.0,-126.68143756826116,-98.13440029610655,132.78132861843994,142.65208462710356
1,-1.5577470011915437,-21800008098.365036,35382271597.30697,-6992344662.81098,-83.29353484248836,-48.66976118441105,12.340390629625066,-21800007822.257236,35382272018.62074,-6992344073.6479435,-115.7387044590301,-72.13853625892747,-17.591876696214264,113.14446390942071,-372.7545408078572,670.1539220253162,2.0459610398364734,35.72981630757533,-34.90855640214021,-0.14297224991744395,-0.46457073577,-0.6844882111809187,7.812460972374845e-05,-5.584065735340453e-06,-7.2645038096992e-05,False,73.0650179578256,False,49.0,2.5011031258000114,0.0,0.0,0.0,-126.68145382862997,-98.13439940648276,132.7813186273242,0.8166666666666667,775.1476611666582,49.99413005574763,-0.14297224991744395,-0.46457073577,-0.6844882111809187,0.0,0.0,0.0,-126.68145382862997,-98.13439940648276,132.7813186273242,143.30265323531845
1,-1.620252822841554,-21800008264.95375,35382271499.97098,-6992344638.1277275,-83.29518282870876,-48.66623532189616,12.342862221902829,-21800008051.005077,35382271874.99035,-6992344107.210436,-114.37474406514794,-71.8134330164925,-16.780010308226153,116.09495079126928,-303.72911747215966,602.1273283936691,1.4752458714134071,34.50199072433844,-34.01925715369639,-0.14293618366700922,-0.4646556314894427,-0.6844821348837937,9.182444814417098e-05,-9.844779829062181e-07,-6.101301515874594e-05,False,71.44532101256183,False,50.0,2.5113783214223178,0.0,0.0,0.0,-126.68146752846839,-98.13440400607051,132.78130699530124,0.8333333333333334,684.3147915967779,48.47549454737704,-0.14293618366700922,-0.4646556314894427,-0.6844821348837937,0.0,0.0,0.0,-126.68146752846839,-98.13440400607051,132.78130699530124,143.8913785781479
1,-1.6795045549007823,-21800008431.54576,35382271402.64204,-6992344613.439531,-83.29683081730298,-48.66270946010796,12.345333813823892,-21800008276.958385,35382271732.058945,-6992344139.041834,-112.977479572275,-71.46393648797729,-15.91446328224265,117.89269581322091,-237.22921889567246,535.9939752259786,0.8988762967087273,33.24031760785722,-33.071532835110446,-0.1428971359646034,-0.4647397045808588,-0.6844608484064297,0.00010141480601958032,8.584657539610838e-06,-4.9055220507902096e-05,False,69.76557369882622,False,51.0,2.5189577841072888,0.0,0.0,0.0,-126.68147711882625,-98.13441357520604,132.7812950375066,0.85,597.8845469674781,46.89832595447087,-0.1428971359646034,-0.4647397045808588,-0.6844608484064297,0.0,0.0,0.0,-126.68147711882625,-98.13441357520604,132.7812950375066,144.32564980097365
1,-1.7352388092713107,-21800008598.141068,35382271305.320145,-6992344588.746392,-83.29847880827099,-48.659183599046465,12.347805405388252,-21800008500.057354,35382271589.87565,-6992344169.039667,-111.55030754552614,-71.08988610399462,-14.997680882371784,118.530998043075,-173.31743866174173,471.86592661347197,0.3191498360709517,31.947316449215915,-32.067818128482045,-0.14285241130384224,-0.4648185865867697,-0.6844264271188738,0.00010581119024308728,2.2041677194745228e-05,-3.812371139233691e-05,False,68.02926171091374,False,52.0,2.5207633004608714,0.0,0.0,0.0,-126.68148151521048,-98.1344270322257,132.78128410599749,0.8666666666666667,516.4745731787234,45.266741040697944,-0.14285241130384224,-0.4648185865867697,-0.6844264271188738,0.0,0.0,0.0,-126.68148151521048,-98.1344270322257,132.78128410599749,144.4290982678758
1,-1.7870994094602826,-21800008764.73967,35382271208.0053,-6992344564.04831,-83.30012680161279,-48.65565773871166,12.35027699659591,-21800008720.249065,35382271448.49017,-6992344197.107469,-110.09667924588705,-70.6909754095088,-14.032664980779066,118.0082161656787,-112.05152540812954,409.84934412166984,-0.26139286278302176,30.625409131918314,-31.011063313945883,-0.14279995580592944,-0.46488849546636085,-0.6843824315433734,0.00010451628294722713,3.786512483427949e-05,-2.9454538633139318e-05,False,66.2402257119748,False,53.0,2.5110557656846697,0.0,0.0,0.0,-126.68148022030317,-98.13444285567334,132.78127543682473,0.8833333333333333,440.9738861949279,43.58520458352421,-0.14279995580592944,-0.46488849546636085,-0.6843824315433734,0.0,0.0,0.0,-126.68148022030317,-98.13444285567334,132.78127543682473,143.87289749572295
1,-1.8347946355848435,-21800008931.341568,35382271110.69751,-6992344539.345284,-83.3017747973284,-48.65213187910356,12.352748587446868,-21800008937.487637,35382271307.9533,-6992344223.155677,-108.62011065236425,-70.26667393867946,-13.022868646774933,116.32839029416871,-53.484612068972815,350.0436986693925,-0.8399147382165377,29.276902633855446,-29.904615175916646,-0.14273858957627963,-0.46494666383110184,-0.68433350445231,9.767629096561046e-05,5.426578812620368e-05,-2.4027924079900523e-05,False,64.40259693066166,False,54.0,2.4797033131719943,0.0,0.0,0.0,-126.68147338031119,-98.13445925633664,132.7812700102102,0.9,372.72441440660873,41.85843395803753,-0.14273858957627963,-0.46494666383110184,-0.68433350445231,0.0,0.0,0.0,-126.68147338031119,-98.13445925633664,132.7812700102102,142.07653428936231
1,-1.8781910386846616,-21800009097.946762,35382271013.39677,-6992344514.637316,-83.30342279541782,-48.648606020222154,12.355220177941122,-21800009151.734318,35382271168.317566,-6992344247.102159,-107.1241627537562,-69.81610535645095,-11.972005238315157,113.5019560029434,2.3344570612877975,292.54140189595415,-1.4132218755648582,27.903935258026905,-28.7520045071357,-0.1426681399495698,-0.4649916521071458,-0.6842848452912583,8.60645009374374e-05,6.938910238735605e-05,-2.2457386638102016e-05,False,62.52063888907016,False,55.0,2.410919416148991,0.0,0.0,0.0,-126.68146176852116,-98.1344743796509,132.78126843967274,0.9166666666666666,313.79709292712585,40.09120305169307,-0.1426681399495698,-0.4649916521071458,-0.6842848452912583,0.0,0.0,0.0,-126.68146176852116,-98.1344743796509,132.78126843967274,138.13550729148176
1,-1.9173415561783058,-21800009264.555252,35382270916.10308,-6992344489.924404,-83.30507079588102,-48.64508016206745,12.357691768078674,-21800009362.957493,35382271029.63821,-6992344268.872333,-105.61241333751322,-69.33791650725617,-10.883850924297597,109.5465532430093,55.36063803830997,237.42787649068396,-1.9777009222604305,26.50841190307624,-27.55672508718314,-0.14258946054183338,-0.4650235111082992,-0.6842416217445701,7.099386191035758e-05,8.152498493094748e-05,-2.492037573070719e-05,False,60.59856093203864,False,56.0,2.2860534227646596,0.0,0.0,0.0,-126.68144669788214,-98.13448651553344,132.78127090266184,0.9333333333333333,267.2774665143093,38.28812218027482,-0.14258946054183338,-0.4650235111082992,-0.6842416217445701,0.0,0.0,0.0,-126.68144669788214,-98.13448651553344,132.78127090266184,130.98121286585112
1,-1.952475738607093,-21800009431.167038,35382270818.81645,-6992344465.206549,-83.30671879871804,-48.641554304639456,12.360163357859522,-21800009571.1327,35382270891.97438,-6992344288.398982,-104.08842914805244,-68.83014948220509,-9.762088990389183,104.48804469271997,105.55210933897624,184.78199567007294,-2.5292519134008855,25.09193588249842,-26.322054143641683,-0.14250433411000601,-0.46504377575308725,-0.6842083853395754,5.416847523955038e-05,8.930130434148259e-05,-3.113825663276477e-05,False,58.64034143061258,False,57.0,2.0960005034883347,0.0,0.0,0.0,-126.68142987249547,-98.13449429185285,132.78127712054274,0.95,237.07253150339855,36.45343462437604,-0.14250433411000601,-0.46504377575308725,-0.6842083853395754,0.0,0.0,0.0,-126.68142987249547,-98.13449429185285,132.78127712054274,120.09198270717715
1,-1.9839758945382606,-21800009597.782124,35382270721.53687,-6992344440.48375,-83.30836680392885,-48.63802844793816,12.362634947283665,-21800009776.242535,35382270755.39062,-6992344305.621877,-102.55574216461977,-68.29012186812128,-8.610211441812998,98.36161243294148,152.86949713675816,134.6767587221151,-3.0632163289463206,23.655741105368282,-25.05093062759679,-0.14241527046507835,-0.4650552909204689,-0.6841885573267725,3.749081399479734e-05,9.183905264617469e-05,-4.04078898791954e-05,False,56.64957473107706,False,58.0,1.8599776526394776,0.0,0.0,0.0,-126.68141319483424,-98.13449682960115,132.78128639017598,0.9666666666666667,226.234213361172,34.59084426305321,-0.14241527046507835,-0.4650552909204689,-0.6841885573267725,0.0,0.0,0.0,-126.68141319483424,-98.13449682960115,132.78128639017598,106.56886948489193
1,-1.992131654493423,-21800009764.40051,35382270624.26434,-6992344415.756009,-83.31001481151345,-48.63450259196357,12.365106536351103,-21800009978.307384,35382270619.94701,-6992344320.51087,-101.03324925126932,-67.72004230764828,-7.443260847753992,91.2232530438742,197.30417713646773,87.15392789445323,-3.5691775609579017,22.215187568364605,-23.758970598620188,-0.14232522254496274,-0.46506188945691623,-0.6841840428413384,2.2846520463049135e-05,8.885165748993029e-05,-5.1681200251345124e-05,False,54.64957473107706,False,59.0,1.6232897812776157,0.0,0.0,0.0,-126.6813985505407,-98.134493842206,132.78129766348636,0.9833333333333333,234.19314114387913,32.72219844486867,-0.14232522254496274,-0.46506188945691623,-0.6841840428413384,0.0,0.0,0.0,-126.6813985505407,-98.134493842206,132.78129766348636,93.0076533939219
1,-1.9910268276850662,-21800009931.02219,35382270526.99886,-6992344391.023324,-83.31166282147187,-48.63097673671568,12.367578125061836,-21800010177.36363,35382270485.706505,-6992344333.050161,-99.5289458877648,-67.11848890973529,-6.268409832831356,83.14202206221294,238.8579378630085,42.241453071577496,-4.04061580134493,20.77548889531141,-22.453082110174556,-0.14223725288443445,-0.4650679589542537,-0.6841950166046284,1.1891163025722027e-05,8.067723484514488e-05,-6.368370671622342e-05,False,52.64957473107706,False,60.0,1.4229981935054474,0.0,0.0,0.0,-126.68138759518327,-98.13448566778335,132.78130966599284,1.0,256.41772690350524,30.85592991856714,-0.14223725288443445,-0.4650679589542537,-0.6841950166046284,0.0,0.0,0.0,-126.68138759518327,-98.13448566778335,132.78130966599284,81.53179074260257
1,-1.989893170554989,-21800010097.647167,35382270429.74043,-6992344366.285696,-83.31331083380407,-48.6274508821945,12.370049713415863,-21800010373.450077,35382270352.740845,-6992344343.22793,-98.0440497377116,-66.48107034567285,-5.087648600076039,74.19625826551777,277.52973940311176,-0.03483934744168224,-4.472884107148255,19.335230325323725,-21.13432730622071,-0.14215418813907785,-0.46507794628301435,-0.6842199039400726,5.863087348755893e-06,6.824019991806428e-05,-7.505859574680956e-05,False,50.64957473107706,False,61.0,1.2683474915649482,0.0,0.0,0.0,-126.68138156710758,-98.13447323074843,132.78132104088186,1.0166666666666666,287.27659530066603,28.99168181833824,-0.14215418813907785,-0.46507794628301435,-0.6842199039400726,0.0,0.0,0.0,-126.68138156710758,-98.13447323074843,132.78132104088186,72.67095822267632
1,-1.9887290942119211,-21800010264.27544,35382270332.48905,-6992344341.543125,-83.31495884851007,-48.62392502840002,12.372521301413183,-21800010566.60876,35382270221.13174,-6992344351.036919,-96.58016687571933,-65.80279396776018,-3.9032586647766188,64.47510151708947,313.3157087776487,-39.65158768777877,-4.860581429242766,17.892990285879872,-19.803937234654896,-0.14207830049476583,-0.4650958556848696,-0.6842555589019941,5.4435102153917374e-06,5.294664791989484e-05,-8.452005593240415e-05,False,48.64957473107706,False,62.0,1.1520517547147902,0.0,0.0,0.0,-126.68138114753044,-98.13445793719643,132.78133050234206,1.0333333333333334,322.32905622770187,27.128956544530823,-0.14207830049476583,-0.4650958556848696,-0.6842555589019941,0.0,0.0,0.0,-126.68138114753044,-98.13445793719643,132.78133050234206,66.00770332579822
1,-1.9875330880924058,-21800010430.90701,35382270235.24473,-6992344316.79561,-83.31660686558988,-48.62039917533225,12.374992889053797,-21800010756.885685,35382270090.971954,-6992344356.475315,-95.13928796541018,-65.07812933263767,-2.717962102414606,54.07993301080149,346.20913323835094,-76.58855147855834,-5.19758315890683,16.447349928374216,-18.463470906694067,-0.14201105166600456,-0.46512479682598085,-0.6842976192902918,1.0679631146742729e-05,3.6525380184407183e-05,-9.099856530454723e-05,False,46.64957473107706,False,63.0,1.0637779114290105,0.0,0.0,0.0,-126.68138638365137,-98.1344415159287,132.78133698085142,1.05,358.6798144720257,25.267171354991074,-0.14201105166600456,-0.46512479682598085,-0.6842976192902918,0.0,0.0,0.0,-126.68138638365137,-98.1344415159287,132.78133698085142,60.9499846641238
1,-1.986303950995161,-21800010597.541874,35382270138.00746,-6992344292.043154,-83.31825488504347,-48.61687332299119,12.377464476337703,-21800010944.331593,35382269962.36611,-6992344359.547878,-93.72377764814863,-64.30116145679305,-1.5350458171402195,43.12562217733825,376.20057107573916,-110.82956089074472,-5.477154667853983,14.996945046537183,-17.114968431870388,-0.1419529281471259,-0.46516663358189253,-0.6843409986288018,2.0979398770770457e-05,2.0832551412581746e-05,-9.376174138232273e-05,False,44.64957473107706,False,64.0,0.9951601993220202,0.0,0.0,0.0,-126.681396683419,-98.13442582309993,132.7813397440275,1.0666666666666667,394.5502256153582,23.405762717937026,-0.1419529281471259,-0.46516663358189253,-0.6843409986288018,0.0,0.0,0.0,-126.681396683419,-98.13442582309993,132.7813397440275,57.01847936054952
1,-1.9850412019333588,-21800010764.180035,35382270040.777245,-6992344267.285753,-83.31990290687087,-48.61334747137684,12.379936063264903,-21800011129.00262,35382269835.430786,-6992344360.267178,-92.33633661918573,-63.46590332200253,-0.35841367127814155,31.741175387329744,403.27819185307305,-142.36372544474148,-5.692224648184884,13.540583730993445,-15.761066091599794,-0.14190338621018397,-0.4652217730949837,-0.6843804599176,3.5178478717039934e-05,7.641980618686786e-06,-9.24971198816663e-05,False,42.64957473107706,False,65.0,0.9403466346137467,0.0,0.0,0.0,-126.68141088249895,-98.13441263252913,132.78133847940597,1.0833333333333333,428.8452314783959,21.54437359417128,-0.14190338621018397,-0.4652217730949837,-0.6843804599176,0.0,0.0,0.0,-126.68141088249895,-98.13441263252913,132.78133847940597,53.877893442698216
1,-1.983745770303739,-21800010930.82149,35382269943.55408,-6992344242.523409,-83.32155093107205,-48.60982162048919,12.382407649835395,-21800011310.960773,35382269710.29356,-6992344358.654617,-90.97989994573531,-62.566849052940384,0.8075160392964985,20.069329734297693,427.42854021803123,-171.18664404316962,-5.835919155910501,12.077449990167114,-14.405008742975026,-0.1418609129301386,-0.4652891190197137,-0.6844112067628022,5.1671837523737456e-05,-1.5552379177008268e-06,-8.73475127707446e-05,False,40.64957473107706,False,66.0,0.8954114637927858,0.0,0.0,0.0,-126.68142737585777,-98.1344034353106,132.78133332979885,1.1,460.87178486826895,19.68316609553701,-0.1418609129301386,-0.4652891190197137,-0.6844112067628022,0.0,0.0,0.0,-126.68142737585777,-98.1344034353106,132.78133332979885,51.30329780295775
1,-1.98242107630583,-21800011097.466244,35382269846.33796,-6992344217.756123,-83.32319895764705,-48.60629577032826,12.384879236049178,-21800011490.273945,35382269587.09042,-6992344354.740782,-89.6574094804831,-61.59980252111945,1.9581536198430827,8.264463518272644,448.63780061678546,-197.3012776862733,-5.902431929417771,10.607368604702893,-13.050481358247369,-0.14182319656035355,-0.4653661945154672,-0.684429425366652,6.859508865020091e-05,-5.719235024616553e-06,-7.889493401497621e-05,False,38.64957473107706,False,67.0,0.857731567079835,0.0,0.0,0.0,-126.68144429910889,-98.1343992713135,132.7813248772201,1.1166666666666667,490.17544989130914,17.82330034195152,-0.14182319656035355,-0.4653661945154672,-0.684429425366652,0.0,0.0,0.0,-126.68144429910889,-98.1343992713135,132.7813248772201,49.144398748816805
1,-1.981074573654297,-21800011264.114292,35382269749.12889,-6992344192.983892,-83.32484698659583,-48.60276992089404,12.387350821906251,-21800011667.015133,35382269465.96119,-6992344348.5645485,-88.3714198974608,-60.5628530142056,3.0893523314781817,-3.511838161053688,466.89355662780224,-220.71803073655624,-5.888149262330294,9.13103615375692,-11.701201910669818,-0.1417873872783176,-0.46544942144771545,-0.6844327161337496,8.403514776263823e-05,-4.378961892223944e-06,-6.809487881344578e-05,False,36.64957473107706,False,68.0,0.8255332315207734,0.0,0.0,0.0,-126.681459739168,-98.13440061158663,132.7813140771649,1.1333333333333333,516.4478437558352,15.967599980302605,-0.1417873872783176,-0.46544942144771545,-0.6844327161337496,0.0,0.0,0.0,-126.681459739168,-98.13440061158663,132.7813140771649,47.299570013936574
1,-1.979719724523884,-21800011430.765636,35382269651.92687,-6992344168.206718,-83.32649501791842,-48.59924407218653,12.389822407406616,-21800011841.260685,35382269347.04341,-6992344340.170694,-87.12360183905624,-59.45712513315901,4.1981625498562956,-15.097162346728126,482.186627555206,-241.45361988971027,-5.792661742789926,7.650068671612841,-10.360328154151645,-0.14175041904182872,-0.46553452453531174,-0.6844203658424013,9.624643615340419e-05,2.314428799511388e-06,-5.6168351528458816e-05,False,34.64957473107706,False,69.0,0.7975925632583702,0.0,0.0,0.0,-126.68147195045638,-98.13440730497733,132.78130215063763,1.15,539.473556962555,14.12143336239213,-0.14175041904182872,-0.46553452453531174,-0.6844203658424013,0.0,0.0,0.0,-126.68147195045638,-98.13440730497733,132.78130215063763,45.69868764572575
1,-1.9783782572330613,-21800011597.420277,35382269554.7319,-6992344143.4246025,-83.3281430516148,-48.595718224205726,12.39229399255027,-21800012013.087727,35382269230.466225,-6992344329.606375,-85.91434668812937,-58.28683382473838,5.283395344990895,-26.335370830608102,494.51241917111406,-259.52885577730024,-5.619108411826225,6.166763296751681,-9.029908628335054,-0.14170935623345216,-0.4656170148663828,-0.6843934291879858,0.00010384822516856259,1.3604506559887333e-05,-4.4463826185176795e-05,False,32.64957473107706,False,70.0,0.7730423145293195,0.0,0.0,0.0,-126.6814795522454,-98.13441859505508,132.7812904461123,1.1666666666666667,559.0986598556001,12.294006618596713,-0.14170935623345216,-0.4656170148663828,-0.6843934291879858,0.0,0.0,0.0,-126.6814795522454,-98.13441859505508,132.7812904461123,44.292062007554726
1,-1.9770824403575304,-21800011764.078213,35382269457.544,-6992344118.637543,-83.32979108768498,-48.59219237695164,12.394765577337214,-21800012182.57146,35382269116.345764,-6992344316.917567,-84.74269118590841,-57.05846478572447,6.345639529300185,-37.08244242301428,503.87137138034785,-274.9660625778403,-5.37353047388314,4.683624860588068,-7.710693733286548,-0.14166172579525896,-0.4656926979986873,-0.6843546100792349,0.00010598081211266387,2.8214950889125636e-05,-3.4304744749279786e-05,False,30.64957473107706,False,71.0,0.7512485468241623,0.0,0.0,0.0,-126.68148168483236,-98.1344332054994,132.78128028703088,1.1833333333333333,575.211093427734,10.500760421846305,-0.14166172579525896,-0.4656926979986873,-0.6843546100792349,0.0,0.0,0.0,-126.68148168483236,-98.1344332054994,132.78128028703088,43.04337109836071
1,-1.9758768485606557,-21800011930.739445,35382269360.363144,-6992344093.84554,-83.33143912612896,-48.58866653042426,12.397237161767446,-21800012349.782963,35382269004.783394,-6992344302.146756,-83.60657626155351,-55.77941952411857,7.38664164400075,-47.209446442036615,510.268234007056,-287.7871137772726,-5.063496963024543,3.202828299964709,-6.402466295211102,-0.14160579708186674,-0.4657581489049887,-0.6843079559058732,0.00010240283729712809,4.449380732193813e-05,-2.683981589454148e-05,False,28.64957473107706,False,72.0,0.7317329275176286,0.0,0.0,0.0,-126.68147810685754,-98.13444948435584,132.78127282210204,1.2,587.7276795645208,8.76861934827415,-0.14160579708186674,-0.4657581489049887,-0.6843079559058732,0.0,0.0,0.0,-126.68147810685754,-98.13444948435584,132.78127282210204,41.9252084775123
1,-1.9748184962477862,-21800012097.403973,35382269263.18934,-6992344069.048594,-83.33308716694673,-48.5851406846236,12.399708745840966,-21800012514.78786,35382268895.86644,-6992344285.3325205,-82.5032745512211,-54.45671423342572,8.408353945307862,-56.60271670459183,513.7106454068553,-298.01285895795417,-4.696633243390955,1.7258098430845132,-5.104711934827592,-0.1415407775667308,-0.4658110997299463,-0.6842583994242052,9.351868592433801e-05,6.0600320122729603e-05,-2.2913073377999788e-05,False,26.64957473107706,False,73.0,0.7141240493594917,0.0,0.0,0.0,-126.68146922270617,-98.13446559086864,132.78126889535955,1.2166666666666666,596.5854162204785,7.1480673874120475,-0.1415407775667308,-0.4658110997299463,-0.6842583994242052,0.0,0.0,0.0,-126.68146922270617,-98.13446559086864,132.78126889535955,40.91629407709095
1,-1.9739734475296895,-21800012264.071796,35382269166.02258,-6992344044.246705,-83.33473521013829,-48.58161483954966,12.402180329557776,-21800012677.645947,35382268789.67069,-6992344266.510745,-81.42986761660678,-53.09611112071623,9.412123728572714,-65.16173804787482,514.2073814189083,-305.66377510755,-4.279510328898904,0.2531356711360869,-3.817242367861285,-0.1414669021581696,-0.4658506962900416,-0.6842112003752221,8.033282627806787e-05,7.471318852608736e-05,-2.2968417038026004e-05,False,24.64957473107706,False,74.0,0.6981275040676352,0.0,0.0,0.0,-126.68145603684651,-98.13447970373704,132.7812689507032,1.2333333333333334,601.7355121846387,5.740176444862052,-0.1414669021581696,-0.4658506962900416,-0.6842112003752221,0.0,0.0,0.0,-126.68145603684651,-98.13447970373704,132.7812689507032,39.99975954507771
1,-1.9734080501089177,-21800012430.742916,35382269068.86288,-6992344019.439873,-83.33638325570365,-48.578088995202435,12.404651912917872,-21800012838.411907,35382268686.26369,-6992344245.716447,-80.38380303921193,-51.70173809185898,10.39838511117012,-72.7957105735518,511.7671024209452,-310.7610846021077,-3.816986264393157,-1.2152518439327937,-2.5404309639665956,-0.1413854060806774,-0.4658775942959124,-0.684171350374358,6.433622168814485e-05,8.523663681737837e-05,-2.6999444567223668e-05,False,22.64957473107706,False,75.0,0.6835081174057797,0.0,0.0,0.0,-126.68144004024192,-98.13449022718534,132.78127298173072,1.25,603.1394816303414,4.743417614908931,-0.1413854060806774,-0.4658775942959124,-0.684171350374358,0.0,0.0,0.0,-126.68144004024192,-98.13449022718534,132.78127298173072,39.16213039028354
1,-1.9731750529937226,-21800012597.41733,35382268971.71022,-6992343994.628098,-83.33803130364281,-48.574563151581934,12.407123495921255,-21800012997.137447,35382268585.70797,-6992344222.984952,-79.3635950852919,-50.27609788459281,11.366983522403874,-79.4195152329515,506.39837810594685,-313.32728034583926,-3.3119051886208,-2.6793887040752415,-1.2749142469103358,-0.14129838459632513,-0.4658938846120325,-0.6841430086610278,4.7337669863318254e-05,9.098092979898668e-05,-3.455023839553723e-05,False,20.64957473107706,False,76.0,0.6700806300978573,0.0,0.0,0.0,-126.68142304169011,-98.13449597147832,132.78128053252456,1.2666666666666666,600.7668111314828,4.446711834930877,-0.14129838459632513,-0.4658938846120325,-0.6841430086610278,0.0,0.0,0.0,-126.68142304169011,-98.13449597147832,132.78128053252456,38.392792038074106
1,-1.9732989795739573,-21800012764.095043,35382268874.56461,-6992343969.8113785,-83.33967935395576,-48.57103730868815,12.409595078567923,-21800013153.875126,35382268488.06384,-6992344198.351439,-78.36966169524594,-48.82029973346578,12.317992262149414,-84.949498372193,498.1116504386044,-313.3852013515419,-2.7649943543229587,-4.138352495595861,-0.02086201487758232,-0.14120855570240742,-0.46590285632253065,-0.6841290325571528,3.125918095676386e-05,9.129687961718795e-05,-4.4766991092796744e-05,False,18.64957473107706,False,77.0,0.6577069643559255,0.0,0.0,0.0,-126.68140696320121,-98.13449628742814,132.78129074927728,1.2833333333333334,594.5939101626456,4.977106627439991,-0.14120855570240742,-0.46590285632253065,-0.6841290325571528,0.0,0.0,0.0,-126.68140696320121,-98.13449628742814,132.78129074927728,37.6838332139558
1,-1.9737680300632265,-21800012930.77605,35382268777.42607,-6992343944.9897175,-83.3413274066425,-48.567511466521076,12.412066660857878,-21800013308.68397,35382268393.391914,-6992344171.848899,-77.40524543117901,-47.33420284838122,13.252506138886867,-89.2987800096607,486.9230284621066,-310.95564096769766,-2.174639875863067,-5.589300820731281,1.2227462688545783,-0.1411189528568481,-0.46590862468835265,-0.6841306554908871,1.79185838143513e-05,8.61491369002842e-05,-5.6494597095068536e-05,False,16.64957473107706,False,78.0,0.6462998568361755,0.0,0.0,0.0,-126.68139362260408,-98.13449113968542,132.7813024768833,1.3,584.6038987276384,6.120821079913944,-0.1411189528568481,-0.46590862468835265,-0.6841306554908871,0.0,0.0,0.0,-126.68139362260408,-98.13449113968542,132.7813024768833,37.03025409662219
1,-1.7697312296707617,-21800013097.460354,35382268680.29458,-6992343920.163113,-83.34297546170305,-48.56398562508073,12.414538242791119,-21800013461.8277,35382268301.44621,-6992344143.693664,-76.57269015562468,-45.97108548267578,14.078853782910986,-92.50154746958282,473.1540448243926,-306.30747482320663,-1.601379274471954,-6.8795199177760535,2.3318713895090335,-0.14103258253766257,-0.46591566619776514,-0.6841473485653129,8.823981729772247e-06,7.612002550199603e-05,-6.840726250138697e-05,False,14.854259695960343,False,79.0,0.6356954158990382,0.0,0.0,0.0,-126.681384528002,-98.13448111057401,132.7813143895487,1.3166666666666667,571.1878461158992,7.438402654938529,-0.14103258253766257,-0.46591566619776514,-0.6841473485653129,0.0,0.0,0.0,-126.681384528002,-98.13448111057401,132.7813143895487,36.42266438682846
1,-1.5263753135559441,-21800013264.147953,35382268583.170135,-6992343895.331564,-83.34462351913739,-48.560459784367104,12.417009824367645,-21800013613.607952,35382268211.91041,-6992344114.124848,-75.89094773976217,-44.766138263866964,14.785643670666794,-94.62767789005918,457.19102599380216,-299.7474701155559,-1.0630641115790458,-7.976613006471248,3.287570324031324,-0.14095208522507782,-0.4659283131899996,-0.6841768808878846,5.00330811556792e-06,6.234355824744057e-05,-7.915835868833534e-05,False,13.3029698638747,False,80.0,0.6257489264770298,0.0,0.0,0.0,-126.68138070732837,-98.13446733410676,132.7813251406449,1.3333333333333333,554.8212122051629,8.692788907812327,-0.14095208522507782,-0.4659283131899996,-0.6841768808878846,0.0,0.0,0.0,-126.68138070732837,-98.13446733410676,132.7813251406449,35.852772521975865
1,-1.2727184855987814,-21800013430.83885,35382268486.05274,-6992343870.495073,-83.34627157894552,-48.5569339443802,12.419481405587455,-21800013764.333195,35382268124.44125,-6992344083.3817215,-75.36344508287301,-43.73281591438053,15.372799165520602,-95.7660855332572,439.4395928282038,-291.58836365131276,-0.5692052302580756,-8.8709222223153,4.086864162277862,-0.14087943785910803,-0.46595026490867636,-0.6842155715816889,6.88822752714672e-06,4.637715901287448e-05,-8.753259333471409e-05,False,12.005920670202759,False,81.0,0.6163412636710203,0.0,0.0,0.0,-126.68138259224777,-98.13445136770753,132.78133351487955,1.35,536.0056648023702,9.783645248547788,-0.14087943785910803,-0.46595026490867636,-0.6842155715816889,0.0,0.0,0.0,-126.68138259224777,-98.13445136770753,132.78133351487955,35.31375314810931
1,-1.0268613343108512,-21800013597.53304,35382268388.9424,-6992343845.653639,-83.34791964112743,-48.55340810512001,12.421952986450547,-21800013914.29916,35382268038.6962,-6992344051.692095,-74.98380758862655,-42.87076527535821,15.84604882110473,-96.01359276133896,420.29554672097095,-282.13129055780473,-0.12375408880527362,-9.56735849943061,4.73556375011344,-0.14081573109561224,-0.4659841699090243,-0.6842587050210953,1.4265457365459416e-05,3.0025624892313328e-05,-9.258332714272386e-05,False,10.955170698527041,False,82.0,0.607378841213054,0.0,0.0,0.0,-126.68138996947762,-98.1344350161734,132.78133856561337,1.3666666666666667,515.232978079075,10.675918122696128,-0.14081573109561224,-0.4659841699090243,-0.6842587050210953,0.0,0.0,0.0,-126.68138996947762,-98.1344350161734,132.78133856561337,34.80024416705458
1,-0.8022499519900825,-21800013764.230526,35382268291.8391,-6992343820.8072605,-83.34956770568316,-48.54988226658656,12.424424566956924,-21800014063.775265,35382267954.35354,-6992344019.264062,-74.73887523038808,-42.1695666800013,16.21525225202713,-95.46639952326467,400.1242075055361,-271.6531693003342,0.27359401340959694,-10.081157577925362,5.245782181388074,-0.14076104631240427,-0.4660313267540995,-0.6843010626644963,2.6300959334906076e-05,1.5137213819791314e-05,-9.37395464966026e-05,False,10.129312701880412,False,83.0,0.5987924943268448,0.0,0.0,0.0,-126.6814020049796,-98.13442012776233,132.78133972183272,1.3833333333333333,492.959084773559,11.367621672526937,-0.14076104631240427,-0.4660313267540995,-0.6843010626644963,0.0,0.0,0.0,-126.6814020049796,-98.13442012776233,132.78133972183272,34.3082827290395
1,-0.606651229573048,-21800013930.93131,35382268194.74286,-6992343795.95594,-83.35121577261266,-48.54635642877982,12.426896147106584,-21800014212.99809,35382267871.12291,-6992343986.281994,-74.6122379020344,-41.61355333020101,16.49226984894619,-94.21532101255207,379.25009127357674,-260.40043833238303,0.6255359496418981,-10.432709916103112,5.63276322085259,-0.14071444621425958,-0.46609153676124115,-0.6843375118283828,4.163423126237571e-05,3.394853838360593e-06,-9.087042023235055e-05,False,9.499173741906668,False,84.0,0.5905346863422555,0.0,0.0,0.0,-126.68141733825153,-98.13440838540235,132.78133685270646,1.4,469.5908290503678,11.872689371833168,-0.14071444621425958,-0.46609153676124115,-0.6843375118283828,0.0,0.0,0.0,-126.68141733825153,-98.13440838540235,132.78133685270646,33.8351451834931
1,-0.4440692715492047,-21800014097.635387,35382268097.65368,-6992343771.099676,-83.35286384191598,-48.54283059169981,12.429367726899526,-21800014362.17042,35382267788.74806,-6992343952.906002,-74.58698912641616,-41.185660874831115,16.68923169672219,-92.34404394821323,357.95477809029325,-248.58792992801148,0.9356404300878531,-10.643495218245642,5.912320216821576,-0.1406740802329378,-0.46616312560508805,-0.6843635852674456,5.85320396033974e-05,-3.873993659297102e-06,-8.430014174162476e-05,False,9.031587459676347,False,85.0,0.582575857362957,0.0,0.0,0.0,-126.68143423605987,-98.13440111655486,132.78133028242797,1.4166666666666667,445.4828891397228,12.211262990431004,-0.1406740802329378,-0.46616312560508805,-0.6843635852674456,0.0,0.0,0.0,-126.68143423605987,-98.13440111655486,132.78133028242797,33.37913787311288
1,-0.3182129231020035,-21800014264.342762,35382268000.57155,-6992343746.238469,-83.35451191359307,-48.53930475534653,12.43183930633575,-21800014511.463436,35382267707.00515,-6992343919.27347,-74.64733153852708,-40.86968977707299,16.817502166624728,-89.92915158000068,336.4794197091179,-236.40075569616477,1.2074508625854845,-10.733706750620716,6.099313235859539,-0.14063739306622206,-0.46624313166319026,-0.6843759862461579,7.508424756014624e-05,-5.84737681032626e-06,-7.477135597616369e-05,False,8.689692113375054,False,86.0,0.5749007441213366,0.0,0.0,0.0,-126.68145078826782,-98.1343991431717,132.7813207536422,1.4333333333333333,420.94057714290415,12.404516118858103,-0.14063739306622206,-0.46624313166319026,-0.6843759862461579,0.0,0.0,0.0,-126.68145078826782,-98.1343991431717,132.7813207536422,32.93938627708306
1,-0.2361622733339949,-21800014431.053432,35382267903.49647,-6992343721.372319,-83.35615998764396,-48.53577891971997,12.434310885415254,-21800014661.020298,35382267625.699066,-6992343885.50149,-74.7792552973616,-40.651280838279085,16.887225734046268,-87.0409650882287,315.0293783966303,-223.99754733463473,1.4440926176314566,-10.721240021598055,6.2069848892364305,-0.1406014130502668,-0.4663276401704275,-0.6843729619106684,8.941965379843797e-05,-2.3018540376110436e-06,-6.33612713733816e-05,False,8.429558816742816,False,87.0,0.5675053166766397,0.0,0.0,0.0,-126.68146512367407,-98.13440268869448,132.7813093435576,1.45,396.2253652511276,12.472251300556083,-0.1406014130502668,-0.4663276401704275,-0.6843729619106684,0.0,0.0,0.0,-126.68146512367407,-98.13440268869448,132.7813093435576,32.51565949680671
1,-0.20610388489731826,-21800014597.7674,35382267806.42844,-6992343696.501225,-83.35780806406865,-48.532253084820134,12.436782464138041,-21800014810.959965,35382267544.659294,-6992343851.689487,-74.9706562389329,-40.51812007258245,16.90723684429111,-83.74461432697676,293.77921889207727,-211.51397287566633,1.6481770947283605,-10.62150075424722,6.246826247149068,-0.14056308792878833,-0.46641222564359097,-0.6843545024072057,9.991748971626708e-05,6.3620943733703654e-06,-5.135990892695761e-05,False,8.199083220878407,False,88.0,0.5603945265964574,0.0,0.0,0.0,-126.68147562150999,-98.13441135264289,132.7812973421952,1.4666666666666666,371.56096485403475,12.432039421194416,-0.14056308792878833,-0.46641222564359097,-0.6843545024072057,0.0,0.0,0.0,-126.68147562150999,-98.13441135264289,132.7812973421952,32.10824123620877
1,-0.22144162598578906,-21800014764.48466,35382267709.367455,-6992343671.625189,-83.35945614286712,-48.52872725064703,12.439254042504107,-21800014961.380688,35382267463.73622,-6992343817.921663,-75.21118453982328,-40.45977451057828,16.885148261987016,-80.1009158923225,272.8772435774651,-199.06596814994484,1.8218466345055861,-10.4476056570326,6.228700759931679,-0.14051963005315468,-0.46649245257764005,-0.6843223427976184,0.0001053906874552314,1.9165182934251823e-05,-4.012423818571427e-05,False,7.952766017728358,False,89.0,0.5535813120541037,0.0,0.0,0.0,-126.68148109470773,-98.13442415573145,132.78128610652445,1.4833333333333334,347.13888641968504,12.299117947287618,-0.14051963005315468,-0.46649245257764005,-0.6843223427976184,0.0,0.0,0.0,-126.68148109470773,-98.13442415573145,132.78128610652445,31.717872798014746
1,-0.2602910523174151,-21800014931.20522,35382267612.31352,-6992343646.744209,-83.3611042240394,-48.525201417200655,12.441725620513452,-21800015112.36301,35382267382.7979,-6992343784.269102,-75.49198487776378,-40.46739886751636,16.827516679150186,-76.16719363127503,252.4494156831643,-186.75254934316956,1.9668589040131161,-10.210730850238825,6.161073338592114,-0.14046883182267708,-0.4665643776046338,-0.6842797672165146,0.00010522018554965596,3.465993556613202e-05,-3.092469957488607e-05,False,7.666999156183008,False,90.0,0.5470864455476045,0.0,0.0,0.0,-126.68148092420583,-98.13443965048408,132.78127690698582,1.5,323.1232946579497,12.086620004278497,-0.14046883182267708,-0.4665643776046338,-0.6842797672165146,0.0,0.0,0.0,-126.68148092420583,-98.13443965048408,132.78127690698582,31.34574435869147
1,-0.30571072203997113,-21800015097.929073,35382267515.26664,-6992343621.858286,-83.36275230758545,-48.52167558448101,12.444197198166076,-21800015263.972202,35382267301.727516,-6992343750.791529,-75.80542053275833,-40.533427457376,16.740022674321544,-71.99784233352864,232.60248157211913,-174.65810980766764,2.0846729807443003,-9.920479544259107,6.0512570044015215,-0.14040931546465107,-0.4666249960117917,-0.6842312373187783,9.942504378232677e-05,5.109433627935545e-05,-2.480149291213518e-05,False,7.335120995632544,False,91.0,0.540939519621192,0.0,0.0,0.0,-126.68147512906405,-98.13445608488479,132.78127078377915,1.5166666666666666,299.6548999362082,11.805908993297686,-0.14040931546465107,-0.4666249960117917,-0.6842312373187783,0.0,0.0,0.0,-126.68147512906405,-98.13445608488479,132.78127078377915,30.993551446128485
1,-0.3498976601911677,-21800015264.656223,35382267418.226814,-6992343596.967421,-83.36440039350529,-48.51814975248809,12.44666877546198,-21800015416.26022,35382267220.4214,-6992343717.538734,-76.14483088829478,-40.65129145832506,16.627633032580295,-67.64477482183709,213.42648180608617,-162.85427795407293,2.1765343563213393,-9.585210647346166,5.9056362547543815,-0.1403406887203714,-0.46667258182502364,-0.6841818872133022,8.866038467466557e-05,6.661001207625399e-05,-2.2446915121766286e-05,False,6.9582762769942965,False,92.0,0.5351808170490227,0.0,0.0,0.0,-126.68146436440495,-98.13447160056059,132.78126842920136,1.5333333333333334,276.85410335547334,11.466913470141598,-0.1403406887203714,-0.46667258182502364,-0.6841818872133022,0.0,0.0,0.0,-126.68146436440495,-98.13447160056059,132.78126842920136,30.66360209327205
1,-0.3898164117178601,-21800015431.38667,35382267321.194046,-6992343572.071611,-83.36604848179894,-48.51462392122191,12.449140352401162,-21800015569.267246,35382267138.78753,-6992343684.551733,-76.50433859935505,-40.8151748625849,16.494736218140805,-63.15766170392589,194.99665696382976,-151.4013946155479,2.243557608146522,-9.2123088877473,5.729854952415721,-0.14026358878242912,-0.4667068828546739,-0.6841369423635475,7.414335186829207e-05,7.945249518386074e-05,-2.41270767413469e-05,False,6.540647299146119,False,93.0,0.5298642470451729,0.0,0.0,0.0,-126.68144984737214,-98.13448444304369,132.781270109363,1.55,254.8234069910178,11.078421528361476,-0.14026358878242912,-0.4667068828546739,-0.6841369423635475,0.0,0.0,0.0,-126.68144984737214,-98.13448444304369,132.781270109363,30.358985070565605
1,-0.42437868166484394,-21800015598.12041,35382267224.16833,-6992343547.170858,-83.36769657246637,-48.51109809068246,12.451611928983624,-21800015723.023,35382267056.744385,-6992343651.863703,-76.87869973901735,-41.01981098455306,16.34525086430389,-58.584055535166634,177.37501534027646,-140.34969555660263,2.2868017285044844,-8.808401256994516,5.528968367634892,-0.14017960963711548,-0.46672914872150023,-0.6841011285440218,5.7515445665577915e-05,8.816972183528932e-05,-2.9651854450698504e-05,False,6.087505683232747,False,94.0,0.52506132711849,0.0,0.0,0.0,-126.68143321946594,-98.13449316027034,132.7812756341407,1.5666666666666667,233.6493626628197,10.64832785276735,-0.14017960963711548,-0.46672914872150023,-0.6841011285440218,0.0,0.0,0.0,-126.68143321946594,-98.13449316027034,132.7812756341407,30.083798029427392
1,-0.45326384975709694,-21800015764.85745,35382267127.14966,-6992343522.265163,-83.3693446655076,-48.50757226086974,12.454083505209361,-21800015877.547733,35382266974.22022,-6992343619.500753,-77.2631897500457,-41.26031770382731,16.18271048746155,-53.96938319621818,160.61148017878736,-129.74024300948986,2.307335399104148,-8.379526421296505,5.307563054070981,-0.14009112127545337,-0.46674198895337615,-0.6840781378943049,4.065682549108674e-05,9.17762618983319e-05,-3.839646011444308e-05,False,5.604443819861405,False,95.0,0.5208661089821336,0.0,0.0,0.0,-126.68141636084577,-98.1344967668104,132.7812843787464,1.5833333333333333,213.4040124832772,10.183834506810516,-0.14009112127545337,-0.46674198895337615,-0.6840781378943049,0.0,0.0,0.0,-126.68141636084577,-98.1344967668104,132.7812843787464,29.843429736077436
1,-0.4764505058300426,-21800015931.597786,35382267030.13804,-6992343497.354525,-83.37099276092262,-48.504046431783756,12.456555081078376,-21800016032.853123,35382266891.15256,-6992343587.482569,-77.65351887652233,-41.532066900904375,16.010328182767267,-49.35680276592496,144.74480377020998,-119.6056828291615,2.3062921293374865,-7.931264314070574,5.06984932562788,-0.14000100148223632,-0.46674907752549694,-0.6840702123771351,2.5473624593182667e-05,8.98646833910892e-05,-4.9372155174444855e-05,False,5.097074956518394,False,96.0,0.5174012849931356,0.0,0.0,0.0,-126.68140117764487,-98.13449485523189,132.78129535444145,1.6,194.14600578631791,9.691610247531774,-0.14000100148223632,-0.46674907752549694,-0.6840702123771351,0.0,0.0,0.0,-126.68140117764487,-98.13449485523189,132.78129535444145,29.64490994475217
1,-0.4940298773536914,-21800016098.341423,35382266933.13347,-6992343472.438943,-83.37264085871142,-48.50052060342451,12.459026656590668,-21800016188.94302,35382266807.48786,-6992343555.822956,-78.04577228995473,-41.830585064890094,15.831041854553538,-44.78697110062646,129.80331124053575,-109.97085600085403,2.2849152270561484,-7.468831453681838,4.819727614602529,-0.13991231069657448,-0.4667547374970237,-0.6840778914104548,1.3682376086266984e-05,8.265148073412317e-05,-6.133808130366833e-05,False,4.570920015942333,False,97.0,0.5148254261139836,0.0,0.0,0.0,-126.68138938639638,-98.13448764202924,132.78130732036757,1.6166666666666667,175.92146417915103,9.177911263315984,-0.13991231069657448,-0.4667547374970237,-0.6840778914104548,0.0,0.0,0.0,-126.68138938639638,-98.13448764202924,132.78130732036757,29.49732410235546
1,-0.5061329553487046,-21800016265.088356,35382266836.13595,-6992343447.518418,-83.37428895887402,-48.496994775792,12.461498231746235,-21800016345.814114,35382266723.181366,-6992343524.530338,-78.4363693815169,-42.151483633352036,15.647544402715841,-40.297788689248385,115.80549875748748,-100.85333948708654,2.2445902174472487,-6.997146874653774,4.560833463676846,-0.13982794669335794,-0.46676345275662295,-0.6840999517539336,6.615955025825095e-06,7.095243317858047e-05,-7.294154316247308e-05,False,4.031367436764816,False,98.0,0.5133410155786476,0.0,0.0,0.0,-126.68138231997531,-98.1344759429817,132.78131892382942,1.6333333333333333,158.7646730271293,8.648667614906444,-0.13982794669335794,-0.46676345275662295,-0.6840999517539336,0.0,0.0,0.0,-126.68138231997531,-98.1344759429817,132.78131892382942,29.412273643615954
1,-0.5129080827661174,-21800016431.838585,35382266739.145485,-6992343422.59295,-83.37593706141041,-48.493468948886225,12.463969806545078,-21800016503.456547,35382266638.197014,-6992343493.608209,-78.82204068680811,-42.49041567165633,15.46230054685222,-35.924053288336204,102.76052503891053,-92.2639157283669,2.1868664860411218,-6.520871474375614,4.296563535088808,-0.13975031793116544,-0.466779361904581,-0.6841335460609783,5.0729732928945545e-06,5.609025193952096e-05,-8.28708850261858e-05,False,3.4836555666992384,False,99.0,0.5132035453124417,0.0,0.0,0.0,-126.68138077699358,-98.13446108080046,132.7813288531713,1.65,142.69860986171858,8.109538089444445,-0.13975031793116544,-0.466779361904581,-0.6841335460609783,0.0,0.0,0.0,-126.68138077699358,-98.13446108080046,132.7813288531713,29.404397177553815
1,-0.5145215950831146,-21800016598.59211,35382266642.16208,-6992343397.662539,-83.37758516632059,-48.48994312270718,12.466441380987195,-21800016661.854534,35382266552.50737,-6992343463.055575,-79.1998175991602,-42.843060594797834,15.27755225565341,-31.697129068813098,90.66872576128513,-84.20703424277642,2.1134638838860895,-6.044423815696471,4.030084320060801,-0.13968107219029832,-0.46680579116397664,-0.6841745242822048,9.22761721320052e-06,3.9745011566644025e-05,-9.00037011545808e-05,False,2.932854549495325,False,100.0,0.5147311414566367,0.0,0.0,0.0,-126.6813849316375,-98.1344447355601,132.78133598598743,1.6666666666666667,127.73547055671047,7.565934739280368,-0.13968107219029832,-0.46680579116397664,-0.6841745242822048,0.0,0.0,0.0,-126.6813849316375,-98.1344447355601,132.78133598598743,29.491921989416642
1,-0.5111683975303573,-21800016765.34893,35382266545.18572,-6992343372.727184,-83.37923327360456,-48.48641729725488,12.468912955072588,-21800016820.98695,35382266466.093575,-6992343432.867415,-79.5670332004614,-43.20513381228662,15.095315461735767,-27.644605368806335,79.52208123649442,-76.68128102188876,2.0262656047956744,-5.571975038260559,3.7643268558748324,-0.1396209108837015,-0.46684487878640474,-0.6842179017389842,1.861006636424613e-05,2.3764287580465217e-05,-9.353365892239592e-05,False,2.383837760959399,False,101.0,0.5183142444517224,0.0,0.0,0.0,-126.68139431408665,-98.13442875483611,132.78133951594518,1.6833333333333333,113.87714638740528,7.023020347830216,-0.1396209108837015,-0.46684487878640474,-0.6842179017389842,0.0,0.0,0.0,-126.68139431408665,-98.13442875483611,132.78133951594518,29.697218668595738
1,-0.5030864305620874,-21800016932.109047,35382266448.216415,-6992343347.786886,-83.38088138326232,-48.482891472529325,12.471384528801254,-21800016980.82796,35382266378.945206,-6992343403.035144,-79.92133127417736,-43.57242015250657,14.917371206986045,-23.79001938624345,69.30477513736486,-69.67988355883337,1.9272962545671348,-5.107425561131467,3.501970832575733,-0.13956950986504996,-0.46689733320779014,-0.6842584213482928,3.215965845572805e-05,9.954430324824284e-06,-9.30616278861178e-05,False,1.8412388944019802,False,102.0,0.5244243045820112,0.0,0.0,0.0,-126.68140786367874,-98.13441494497884,132.78133904391416,1.7,101.11579031986608,6.485681647103776,-0.13956950986504996,-0.46689733320779014,-0.6842584213482928,0.0,0.0,0.0,-126.68140786367874,-98.13441494497884,132.78133904391416,30.04729932663244
1,-0.4905691928588938,-21800017098.87246,35382266351.25416,-6992343322.841646,-83.38252949529387,-48.4793656485305,12.473856102173194,-21800017141.347668,35382266291.06002,-6992343373.547108,-80.26067892615627,-43.940827062571785,14.745253939412725,-20.152654714562892,59.993806698223416,-63.1912573761269,1.8186856560637175,-4.654369149963802,3.245421694979228,-0.1395255557088381,-0.46696235231463534,-0.684291146915049,4.834476829955507e-05,-1.234944476006654e-07,-8.864082586674514e-05,False,1.3093966232978143,False,103.0,0.5336199525015617,0.0,0.0,0.0,-126.68142404878859,-98.13440486705407,132.78133462311214,1.7166666666666666,89.43445277388409,5.958484008365595,-0.1395255557088381,-0.46696235231463534,-0.684291146915049,0.0,0.0,0.0,-126.68142404878859,-98.13440486705407,132.78133462311214,30.57417114231094
1,-0.4739755167000708,-21800017265.639168,35382266254.29895,-6992343297.891462,-83.3841776096992,-48.47583982525841,12.476327675188406,-21800017302.512783,35382266202.44359,-6992343344.389101,-80.58338087505734,-44.30645235997358,14.58023941211803,-16.747411005559798,51.55968878874143,-57.199608267810234,1.7026213666678103,-4.216048312542305,2.9967842712827224,-0.1394868935559885,-0.46703771318760207,-0.6843120207763914,6.533586334359534e-05,-5.330097928301918e-06,-8.077086822846814e-05,False,0.7922895663574733,False,104.0,0.5465489938581994,0.0,0.0,0.0,-126.68144103988362,-98.13439966045058,132.7813267531545,1.7333333333333334,78.80781984912385,5.4456128085397415,-0.1394868935559885,-0.46703771318760207,-0.6843120207763914,0.0,0.0,0.0,-126.68144103988362,-98.13439966045058,132.7813267531545,31.31495064519638
1,-0.4537321059495218,-21800017432.409172,35382266157.35079,-6992343272.936336,-83.38582572647833,-48.47231400271307,12.47879924784689,-21800017464.28732,35382266113.10874,-6992343315.544898,-80.88809102452855,-44.66566006047995,14.423337261158453,-13.584822625233874,43.967243626497485,-51.68557773023285,1.5812922326859682,-3.7953073704881937,2.7578393506048724,-0.13945077008938922,-0.4671200225366562,-0.6843183228468053,8.121221638645218e-05,-5.076493086982062e-06,-7.034136409116936e-05,False,0.293468768689763,False,105.0,0.5639431778906087,0.0,0.0,0.0,-126.68145691623667,-98.13439991405544,132.78131632365034,1.75,69.203069752568,4.95081014030832,-0.13945077008938922,-0.4671200225366562,-0.6843183228468053,0.0,0.0,0.0,-126.68145691623667,-98.13439991405544,132.78131632365034,32.31156397832728
1,-1.2470626310883275,-21800017599.182472,35382266060.40968,-6992343247.976266,-83.38747384563125,-48.46878818089447,12.481270820148646,-21800017626.414356,35382266023.347,-6992343286.88078,-81.06434206587855,-44.87911103533288,14.333295010373034,-10.575224866167302,36.86767075000181,-46.451250701376075,1.504793369085418,-3.5489568023752,2.6178654454928916,-0.1394141444106988,-0.46720509984348757,-0.6843089789633117,9.417896100509602e-05,6.090170574104056e-07,-5.853140075047578e-05,False,0.0,False,106.0,0.5873935823846688,0.0,0.0,0.0,-126.68146988298129,-98.13440559956558,132.781304513687,1.7666666666666666,60.23934942562572,4.659690650619883,-0.1394141444106988,-0.46720509984348757,-0.6843089789633117,0.0,0.0,0.0,-126.68146988298129,-98.13440559956558,132.781304513687,33.65517318371154
